season,league,division,team1,team2,result,wins1,wins2,ties,games_played
1985,NBA,Atlantic,BOS,NJN,BOS,4,2,0,6
1985,NBA,Atlantic,BOS,NYK,BOS,5,1,0,6
1985,NBA,Atlantic,BOS,PHI,BOS,4,2,0,6
1985,NBA,Atlantic,BOS,WAS,BOS,5,1,0,6
1985,NBA,Atlantic,NJN,NYK,NJN,5,1,0,6
1985,NBA,Atlantic,NJN,PHI,PHI,2,4,0,6
1985,NBA,Atlantic,NJN,WAS,WAS,2,4,0,6
1985,NBA,Atlantic,NYK,PHI,PHI,0,6,0,6
1985,NBA,Atlantic,NYK,WAS,TIE,3,3,0,6
1985,NBA,Atlantic,PHI,WAS,TIE,3,3,0,6
1985,NBA,Central,ATL,CHI,ATL,5,1,0,6
1985,NBA,Central,ATL,CLE,ATL,4,2,0,6
1985,NBA,Central,ATL,DET,ATL,4,2,0,6
1985,NBA,Central,ATL,IND,ATL,5,1,0,6
1985,NBA,Central,ATL,MIL,TIE,3,3,0,6
1985,NBA,Central,CHI,CLE,TIE,3,3,0,6
1985,NBA,Central,CHI,DET,DET,2,4,0,6
1985,NBA,Central,CHI,IND,TIE,3,3,0,6
1985,NBA,Central,CHI,MIL,MIL,1,5,0,6
1985,NBA,Central,CLE,DET,DET,1,5,0,6
1985,NBA,Central,CLE,IND,CLE,3,2,0,5
1985,NBA,Central,CLE,MIL,MIL,1,5,0,6
1985,NBA,Central,DET,IND,DET,5,1,0,6
1985,NBA,Central,DET,MIL,MIL,2,4,0,6
1985,NBA,Central,IND,MIL,MIL,2,4,0,6
1985,NBA,Midwest,DAL,DEN,TIE,3,3,0,6
1985,NBA,Midwest,DAL,HOU,HOU,1,5,0,6
1985,NBA,Midwest,DAL,SAC,TIE,3,3,0,6
1985,NBA,Midwest,DAL,SAS,DAL,4,2,0,6
1985,NBA,Midwest,DAL,UTA,DAL,5,1,0,6
1985,NBA,Midwest,DEN,HOU,TIE,3,3,0,6
1985,NBA,Midwest,DEN,SAC,TIE,3,3,0,6
1985,NBA,Midwest,DEN,SAS,TIE,3,3,0,6
1985,NBA,Midwest,DEN,UTA,TIE,3,3,0,6
1985,NBA,Midwest,HOU,SAC,HOU,4,2,0,6
1985,NBA,Midwest,HOU,SAS,HOU,5,1,0,6
1985,NBA,Midwest,HOU,UTA,TIE,3,3,0,6
1985,NBA,Midwest,SAC,SAS,SAC,5,1,0,6
1985,NBA,Midwest,SAC,UTA,UTA,2,4,0,6
1985,NBA,Midwest,SAS,UTA,UTA,2,4,0,6
1985,NBA,Pacific,GSW,LAC,GSW,5,1,0,6
1985,NBA,Pacific,GSW,LAL,LAL,2,4,0,6
1985,NBA,Pacific,GSW,PHX,PHX,2,4,0,6
1985,NBA,Pacific,GSW,POR,POR,1,5,0,6
1985,NBA,Pacific,GSW,SEA,SEA,2,4,0,6
1985,NBA,Pacific,LAC,LAL,LAL,2,4,0,6
1985,NBA,Pacific,LAC,PHX,PHX,2,4,0,6
1985,NBA,Pacific,LAC,POR,POR,2,4,0,6
1985,NBA,Pacific,LAC,SEA,TIE,3,3,0,6
1985,NBA,Pacific,LAL,PHX,LAL,5,1,0,6
1985,NBA,Pacific,LAL,POR,LAL,6,0,0,6
1985,NBA,Pacific,LAL,SEA,LAL,4,2,0,6
1985,NBA,Pacific,PHX,POR,POR,2,4,0,6
1985,NBA,Pacific,PHX,SEA,PHX,5,1,0,6
1985,NBA,Pacific,POR,SEA,POR,5,1,0,6
1986,NBA,Atlantic,BOS,NJN,BOS,4,2,0,6
1986,NBA,Atlantic,BOS,NYK,BOS,4,2,0,6
1986,NBA,Atlantic,BOS,PHI,TIE,3,3,0,6
1986,NBA,Atlantic,BOS,WAS,BOS,4,2,0,6
1986,NBA,Atlantic,NJN,NYK,NJN,5,1,0,6
1986,NBA,Atlantic,NJN,PHI,TIE,3,3,0,6
1986,NBA,Atlantic,NJN,WAS,WAS,2,4,0,6
1986,NBA,Atlantic,NYK,PHI,TIE,3,3,0,6
1986,NBA,Atlantic,NYK,WAS,WAS,2,4,0,6
1986,NBA,Atlantic,PHI,WAS,TIE,3,3,0,6
1986,NBA,Central,ATL,CHI,ATL,4,2,0,6
1986,NBA,Central,ATL,CLE,ATL,4,2,0,6
1986,NBA,Central,ATL,DET,TIE,3,3,0,6
1986,NBA,Central,ATL,IND,TIE,3,3,0,6
1986,NBA,Central,ATL,MIL,TIE,3,3,0,6
1986,NBA,Central,CHI,CLE,CHI,5,1,0,6
1986,NBA,Central,CHI,DET,TIE,3,3,0,6
1986,NBA,Central,CHI,IND,CHI,3,2,0,5
1986,NBA,Central,CHI,MIL,CHI,4,2,0,6
1986,NBA,Central,CLE,DET,DET,1,5,0,6
1986,NBA,Central,CLE,IND,TIE,3,3,0,6
1986,NBA,Central,CLE,MIL,MIL,1,5,0,6
1986,NBA,Central,DET,IND,TIE,3,3,0,6
1986,NBA,Central,DET,MIL,TIE,3,3,0,6
1986,NBA,Central,IND,MIL,MIL,2,4,0,6
1986,NBA,Midwest,DAL,DEN,DAL,4,2,0,6
1986,NBA,Midwest,DAL,HOU,TIE,3,3,0,6
1986,NBA,Midwest,DAL,SAC,DAL,5,1,0,6
1986,NBA,Midwest,DAL,SAS,DAL,4,2,0,6
1986,NBA,Midwest,DAL,UTA,TIE,3,3,0,6
1986,NBA,Midwest,DEN,HOU,TIE,3,3,0,6
1986,NBA,Midwest,DEN,SAC,SAC,2,4,0,6
1986,NBA,Midwest,DEN,SAS,DEN,5,1,0,6
1986,NBA,Midwest,DEN,UTA,UTA,2,4,0,6
1986,NBA,Midwest,HOU,SAC,HOU,5,1,0,6
1986,NBA,Midwest,HOU,SAS,HOU,5,1,0,6
1986,NBA,Midwest,HOU,UTA,TIE,3,3,0,6
1986,NBA,Midwest,SAC,SAS,TIE,3,3,0,6
1986,NBA,Midwest,SAC,UTA,UTA,1,5,0,6
1986,NBA,Midwest,SAS,UTA,UTA,2,4,0,6
1986,NBA,Pacific,GSW,LAC,GSW,6,0,0,6
1986,NBA,Pacific,GSW,LAL,LAL,2,4,0,6
1986,NBA,Pacific,GSW,PHX,PHX,1,5,0,6
1986,NBA,Pacific,GSW,POR,GSW,4,2,0,6
1986,NBA,Pacific,GSW,SEA,GSW,4,2,0,6
1986,NBA,Pacific,LAC,LAL,LAL,0,6,0,6
1986,NBA,Pacific,LAC,PHX,PHX,1,5,0,6
1986,NBA,Pacific,LAC,POR,POR,0,6,0,6
1986,NBA,Pacific,LAC,SEA,SEA,2,4,0,6
1986,NBA,Pacific,LAL,PHX,LAL,5,1,0,6
1986,NBA,Pacific,LAL,POR,LAL,5,1,0,6
1986,NBA,Pacific,LAL,SEA,LAL,4,2,0,6
1986,NBA,Pacific,PHX,POR,POR,2,4,0,6
1986,NBA,Pacific,PHX,SEA,SEA,1,5,0,6
1986,NBA,Pacific,POR,SEA,POR,4,2,0,6
1987,NBA,Atlantic,BOS,NJN,BOS,5,1,0,6
1987,NBA,Atlantic,BOS,NYK,BOS,5,1,0,6
1987,NBA,Atlantic,BOS,PHI,BOS,4,2,0,6
1987,NBA,Atlantic,BOS,WAS,BOS,5,1,0,6
1987,NBA,Atlantic,NJN,NYK,TIE,3,3,0,6
1987,NBA,Atlantic,NJN,PHI,PHI,2,4,0,6
1987,NBA,Atlantic,NJN,WAS,WAS,0,6,0,6
1987,NBA,Atlantic,NYK,PHI,TIE,3,3,0,6
1987,NBA,Atlantic,NYK,WAS,TIE,3,3,0,6
1987,NBA,Atlantic,PHI,WAS,TIE,3,3,0,6
1987,NBA,Central,ATL,CHI,CHI,2,3,0,5
1987,NBA,Central,ATL,CLE,ATL,5,1,0,6
1987,NBA,Central,ATL,DET,DET,2,4,0,6
1987,NBA,Central,ATL,IND,ATL,4,2,0,6
1987,NBA,Central,ATL,MIL,TIE,3,3,0,6
1987,NBA,Central,CHI,CLE,TIE,3,3,0,6
1987,NBA,Central,CHI,DET,DET,2,4,0,6
1987,NBA,Central,CHI,IND,TIE,3,3,0,6
1987,NBA,Central,CHI,MIL,CHI,5,1,0,6
1987,NBA,Central,CLE,DET,DET,1,5,0,6
1987,NBA,Central,CLE,IND,CLE,4,2,0,6
1987,NBA,Central,CLE,MIL,MIL,2,4,0,6
1987,NBA,Central,DET,IND,TIE,3,3,0,6
1987,NBA,Central,DET,MIL,DET,4,2,0,6
1987,NBA,Central,IND,MIL,TIE,3,3,0,6
1987,NBA,Midwest,DAL,DEN,TIE,3,3,0,6
1987,NBA,Midwest,DAL,HOU,DAL,4,2,0,6
1987,NBA,Midwest,DAL,SAC,DAL,5,1,0,6
1987,NBA,Midwest,DAL,SAS,DAL,5,1,0,6
1987,NBA,Midwest,DAL,UTA,TIE,3,3,0,6
1987,NBA,Midwest,DEN,HOU,DEN,4,2,0,6
1987,NBA,Midwest,DEN,SAC,DEN,4,2,0,6
1987,NBA,Midwest,DEN,SAS,DEN,5,1,0,6
1987,NBA,Midwest,DEN,UTA,UTA,2,4,0,6
1987,NBA,Midwest,HOU,SAC,HOU,4,2,0,6
1987,NBA,Midwest,HOU,SAS,SAS,2,4,0,6
1987,NBA,Midwest,HOU,UTA,TIE,3,3,0,6
1987,NBA,Midwest,SAC,SAS,TIE,3,3,0,6
1987,NBA,Midwest,SAC,UTA,UTA,1,5,0,6
1987,NBA,Midwest,SAS,UTA,TIE,3,3,0,6
1987,NBA,Pacific,GSW,LAC,TIE,3,3,0,6
1987,NBA,Pacific,GSW,LAL,LAL,0,6,0,6
1987,NBA,Pacific,GSW,PHX,PHX,2,4,0,6
1987,NBA,Pacific,GSW,POR,POR,1,5,0,6
1987,NBA,Pacific,GSW,SEA,SEA,1,5,0,6
1987,NBA,Pacific,LAC,LAL,LAL,1,5,0,6
1987,NBA,Pacific,LAC,PHX,PHX,2,4,0,6
1987,NBA,Pacific,LAC,POR,POR,0,6,0,6
1987,NBA,Pacific,LAC,SEA,SEA,1,5,0,6
1987,NBA,Pacific,LAL,PHX,LAL,5,1,0,6
1987,NBA,Pacific,LAL,POR,TIE,3,3,0,6
1987,NBA,Pacific,LAL,SEA,LAL,4,2,0,6
1987,NBA,Pacific,PHX,POR,POR,0,6,0,6
1987,NBA,Pacific,PHX,SEA,SEA,2,4,0,6
1987,NBA,Pacific,POR,SEA,TIE,3,3,0,6
1988,NBA,Atlantic,BOS,CHA,BOS,6,0,0,6
1988,NBA,Atlantic,BOS,NJN,BOS,5,1,0,6
1988,NBA,Atlantic,BOS,NYK,TIE,3,3,0,6
1988,NBA,Atlantic,BOS,PHI,TIE,3,3,0,6
1988,NBA,Atlantic,BOS,WAS,WAS,2,4,0,6
1988,NBA,Atlantic,CHA,NJN,NJN,2,4,0,6
1988,NBA,Atlantic,CHA,NYK,NYK,2,4,0,6
1988,NBA,Atlantic,CHA,PHI,TIE,3,3,0,6
1988,NBA,Atlantic,CHA,WAS,WAS,1,5,0,6
1988,NBA,Atlantic,NJN,NYK,NYK,2,4,0,6
1988,NBA,Atlantic,NJN,PHI,PHI,1,5,0,6
1988,NBA,Atlantic,NJN,WAS,WAS,1,5,0,6
1988,NBA,Atlantic,NYK,PHI,PHI,2,4,0,6
1988,NBA,Atlantic,NYK,WAS,NYK,5,1,0,6
1988,NBA,Atlantic,PHI,WAS,PHI,4,2,0,6
1988,NBA,Central,ATL,CHI,ATL,4,2,0,6
1988,NBA,Central,ATL,CLE,ATL,4,2,0,6
1988,NBA,Central,ATL,DET,DET,1,5,0,6
1988,NBA,Central,ATL,IND,ATL,5,1,0,6
1988,NBA,Central,ATL,MIL,ATL,6,0,0,6
1988,NBA,Central,CHI,CLE,CLE,0,6,0,6
1988,NBA,Central,CHI,DET,DET,0,6,0,6
1988,NBA,Central,CHI,IND,CHI,4,2,0,6
1988,NBA,Central,CHI,MIL,CHI,6,0,0,6
1988,NBA,Central,CLE,DET,TIE,3,3,0,6
1988,NBA,Central,CLE,IND,CLE,5,1,0,6
1988,NBA,Central,CLE,MIL,TIE,3,3,0,6
1988,NBA,Central,DET,IND,DET,4,2,0,6
1988,NBA,Central,DET,MIL,MIL,2,4,0,6
1988,NBA,Central,IND,MIL,MIL,2,4,0,6
1988,NBA,Midwest,DAL,DEN,TIE,3,3,0,6
1988,NBA,Midwest,DAL,HOU,HOU,1,5,0,6
1988,NBA,Midwest,DAL,MIA,DAL,6,0,0,6
1988,NBA,Midwest,DAL,SAS,DAL,5,1,0,6
1988,NBA,Midwest,DAL,UTA,DAL,4,2,0,6
1988,NBA,Midwest,DEN,HOU,DEN,4,2,0,6
1988,NBA,Midwest,DEN,MIA,DEN,5,1,0,6
1988,NBA,Midwest,DEN,SAS,TIE,3,3,0,6
1988,NBA,Midwest,DEN,UTA,TIE,3,3,0,6
1988,NBA,Midwest,HOU,MIA,HOU,4,2,0,6
1988,NBA,Midwest,HOU,SAS,HOU,6,0,0,6
1988,NBA,Midwest,HOU,UTA,UTA,2,4,0,6
1988,NBA,Midwest,MIA,SAS,SAS,2,4,0,6
1988,NBA,Midwest,MIA,UTA,UTA,1,5,0,6
1988,NBA,Midwest,SAS,UTA,UTA,1,5,0,6
1988,NBA,Pacific,GSW,LAC,GSW,5,1,0,6
1988,NBA,Pacific,GSW,LAL,LAL,2,3,0,5
1988,NBA,Pacific,GSW,PHX,PHX,2,4,0,6
1988,NBA,Pacific,GSW,POR,POR,2,4,0,6
1988,NBA,Pacific,GSW,SAC,SAC,2,3,0,5
1988,NBA,Pacific,GSW,SEA,SEA,2,4,0,6
1988,NBA,Pacific,LAC,LAL,LAL,1,5,0,6
1988,NBA,Pacific,LAC,PHX,PHX,1,5,0,6
1988,NBA,Pacific,LAC,POR,POR,1,5,0,6
1988,NBA,Pacific,LAC,SAC,SAC,2,3,0,5
1988,NBA,Pacific,LAC,SEA,SEA,1,4,0,5
1988,NBA,Pacific,LAL,PHX,TIE,3,3,0,6
1988,NBA,Pacific,LAL,POR,LAL,5,0,0,5
1988,NBA,Pacific,LAL,SAC,LAL,5,1,0,6
1988,NBA,Pacific,LAL,SEA,LAL,4,2,0,6
1988,NBA,Pacific,PHX,POR,POR,2,3,0,5
1988,NBA,Pacific,PHX,SAC,PHX,5,1,0,6
1988,NBA,Pacific,PHX,SEA,PHX,4,1,0,5
1988,NBA,Pacific,POR,SAC,TIE,3,3,0,6
1988,NBA,Pacific,POR,SEA,SEA,2,4,0,6
1988,NBA,Pacific,SAC,SEA,SEA,1,5,0,6
1989,NBA,Atlantic,BOS,MIA,BOS,5,0,0,5
1989,NBA,Atlantic,BOS,NJN,BOS,5,1,0,6
1989,NBA,Atlantic,BOS,NYK,BOS,4,1,0,5
1989,NBA,Atlantic,BOS,PHI,BOS,3,2,0,5
1989,NBA,Atlantic,BOS,WAS,WAS,2,3,0,5
1989,NBA,Atlantic,MIA,NJN,NJN,1,4,0,5
1989,NBA,Atlantic,MIA,NYK,NYK,1,5,0,6
1989,NBA,Atlantic,MIA,PHI,PHI,0,5,0,5
1989,NBA,Atlantic,MIA,WAS,WAS,2,3,0,5
1989,NBA,Atlantic,NJN,NYK,NYK,1,4,0,5
1989,NBA,Atlantic,NJN,PHI,PHI,1,4,0,5
1989,NBA,Atlantic,NJN,WAS,WAS,2,3,0,5
1989,NBA,Atlantic,NYK,PHI,PHI,2,3,0,5
1989,NBA,Atlantic,NYK,WAS,NYK,5,0,0,5
1989,NBA,Atlantic,PHI,WAS,PHI,5,1,0,6
1989,NBA,Central,ATL,CHI,CHI,0,5,0,5
1989,NBA,Central,ATL,CLE,CLE,2,3,0,5
1989,NBA,Central,ATL,DET,ATL,3,2,0,5
1989,NBA,Central,ATL,IND,IND,2,3,0,5
1989,NBA,Central,ATL,MIL,ATL,3,2,0,5
1989,NBA,Central,ATL,ORL,ATL,5,0,0,5
1989,NBA,Central,CHI,CLE,CHI,5,0,0,5
1989,NBA,Central,CHI,DET,DET,1,4,0,5
1989,NBA,Central,CHI,IND,IND,2,3,0,5
1989,NBA,Central,CHI,MIL,CHI,4,1,0,5
1989,NBA,Central,CHI,ORL,CHI,3,2,0,5
1989,NBA,Central,CLE,DET,DET,1,4,0,5
1989,NBA,Central,CLE,IND,CLE,3,2,0,5
1989,NBA,Central,CLE,MIL,CLE,3,2,0,5
1989,NBA,Central,CLE,ORL,CLE,4,1,0,5
1989,NBA,Central,DET,IND,DET,4,1,0,5
1989,NBA,Central,DET,MIL,DET,3,2,0,5
1989,NBA,Central,DET,ORL,DET,5,0,0,5
1989,NBA,Central,IND,MIL,IND,3,2,0,5
1989,NBA,Central,IND,ORL,IND,4,1,0,5
1989,NBA,Central,MIL,ORL,MIL,5,0,0,5
1989,NBA,Midwest,CHA,DAL,DAL,1,3,0,4
1989,NBA,Midwest,CHA,DEN,CHA,3,2,0,5
1989,NBA,Midwest,CHA,HOU,HOU,1,4,0,5
1989,NBA,Midwest,CHA,MIN,TIE,2,2,0,4
1989,NBA,Midwest,CHA,SAS,SAS,0,5,0,5
1989,NBA,Midwest,CHA,UTA,UTA,0,5,0,5
1989,NBA,Midwest,DAL,DEN,DEN,2,3,0,5
1989,NBA,Midwest,DAL,HOU,DAL,4,1,0,5
1989,NBA,Midwest,DAL,MIN,DAL,4,1,0,5
1989,NBA,Midwest,DAL,SAS,DAL,3,2,0,5
1989,NBA,Midwest,DAL,UTA,UTA,1,3,0,4
1989,NBA,Midwest,DEN,HOU,DEN,4,1,0,5
1989,NBA,Midwest,DEN,MIN,DEN,5,0,0,5
1989,NBA,Midwest,DEN,SAS,SAS,1,3,0,4
1989,NBA,Midwest,DEN,UTA,UTA,0,4,0,4
1989,NBA,Midwest,HOU,MIN,TIE,2,2,0,4
1989,NBA,Midwest,HOU,SAS,TIE,2,2,0,4
1989,NBA,Midwest,HOU,UTA,HOU,3,2,0,5
1989,NBA,Midwest,MIN,SAS,SAS,1,4,0,5
1989,NBA,Midwest,MIN,UTA,UTA,0,5,0,5
1989,NBA,Midwest,SAS,UTA,SAS,3,2,0,5
1989,NBA,Pacific,GSW,LAC,GSW,3,1,0,4
1989,NBA,Pacific,GSW,LAL,LAL,1,4,0,5
1989,NBA,Pacific,GSW,PHX,PHX,0,5,0,5
1989,NBA,Pacific,GSW,POR,TIE,2,2,0,4
1989,NBA,Pacific,GSW,SAC,GSW,3,2,0,5
1989,NBA,Pacific,GSW,SEA,SEA,2,3,0,5
1989,NBA,Pacific,LAC,LAL,LAL,1,4,0,5
1989,NBA,Pacific,LAC,PHX,PHX,0,4,0,4
1989,NBA,Pacific,LAC,POR,POR,0,5,0,5
1989,NBA,Pacific,LAC,SAC,SAC,2,3,0,5
1989,NBA,Pacific,LAC,SEA,LAC,3,2,0,5
1989,NBA,Pacific,LAL,PHX,LAL,3,1,0,4
1989,NBA,Pacific,LAL,POR,POR,2,3,0,5
1989,NBA,Pacific,LAL,SAC,LAL,5,0,0,5
1989,NBA,Pacific,LAL,SEA,LAL,4,0,0,4
1989,NBA,Pacific,PHX,POR,POR,2,3,0,5
1989,NBA,Pacific,PHX,SAC,PHX,5,0,0,5
1989,NBA,Pacific,PHX,SEA,PHX,3,2,0,5
1989,NBA,Pacific,POR,SAC,POR,4,0,0,4
1989,NBA,Pacific,POR,SEA,POR,3,2,0,5
1989,NBA,Pacific,SAC,SEA,TIE,2,2,0,4
1990,NBA,Atlantic,BOS,MIA,BOS,4,1,0,5
1990,NBA,Atlantic,BOS,NJN,BOS,4,1,0,5
1990,NBA,Atlantic,BOS,NYK,BOS,5,0,0,5
1990,NBA,Atlantic,BOS,PHI,PHI,2,3,0,5
1990,NBA,Atlantic,BOS,WAS,BOS,5,1,0,6
1990,NBA,Atlantic,MIA,NJN,TIE,3,3,0,6
1990,NBA,Atlantic,MIA,NYK,NYK,1,4,0,5
1990,NBA,Atlantic,MIA,PHI,PHI,1,4,0,5
1990,NBA,Atlantic,MIA,WAS,MIA,3,2,0,5
1990,NBA,Atlantic,NJN,NYK,NYK,0,5,0,5
1990,NBA,Atlantic,NJN,PHI,PHI,2,3,0,5
1990,NBA,Atlantic,NJN,WAS,WAS,2,3,0,5
1990,NBA,Atlantic,NYK,PHI,NYK,5,1,0,6
1990,NBA,Atlantic,NYK,WAS,NYK,3,2,0,5
1990,NBA,Atlantic,PHI,WAS,PHI,3,2,0,5
1990,NBA,Central,ATL,CHA,CHA,1,4,0,5
1990,NBA,Central,ATL,CHI,CHI,1,4,0,5
1990,NBA,Central,ATL,CLE,ATL,3,2,0,5
1990,NBA,Central,ATL,DET,DET,0,5,0,5
1990,NBA,Central,ATL,IND,ATL,4,1,0,5
1990,NBA,Central,ATL,MIL,MIL,2,3,0,5
1990,NBA,Central,CHA,CHI,CHI,0,5,0,5
1990,NBA,Central,CHA,CLE,CLE,1,4,0,5
1990,NBA,Central,CHA,DET,DET,1,4,0,5
1990,NBA,Central,CHA,IND,IND,0,5,0,5
1990,NBA,Central,CHA,MIL,MIL,2,3,0,5
1990,NBA,Central,CHI,CLE,CHI,5,0,0,5
1990,NBA,Central,CHI,DET,CHI,3,2,0,5
1990,NBA,Central,CHI,IND,CHI,4,1,0,5
1990,NBA,Central,CHI,MIL,CHI,4,1,0,5
1990,NBA,Central,CLE,DET,DET,2,3,0,5
1990,NBA,Central,CLE,IND,IND,1,4,0,5
1990,NBA,Central,CLE,MIL,MIL,2,3,0,5
1990,NBA,Central,DET,IND,DET,3,2,0,5
1990,NBA,Central,DET,MIL,MIL,2,3,0,5
1990,NBA,Central,IND,MIL,MIL,2,3,0,5
1990,NBA,Midwest,DAL,DEN,DAL,3,1,0,4
1990,NBA,Midwest,DAL,HOU,HOU,1,3,0,4
1990,NBA,Midwest,DAL,MIN,MIN,1,4,0,5
1990,NBA,Midwest,DAL,ORL,ORL,1,4,0,5
1990,NBA,Midwest,DAL,SAS,SAS,1,4,0,5
1990,NBA,Midwest,DAL,UTA,UTA,0,5,0,5
1990,NBA,Midwest,DEN,HOU,HOU,0,5,0,5
1990,NBA,Midwest,DEN,MIN,DEN,3,2,0,5
1990,NBA,Midwest,DEN,ORL,ORL,2,3,0,5
1990,NBA,Midwest,DEN,SAS,SAS,1,4,0,5
1990,NBA,Midwest,DEN,UTA,UTA,1,3,0,4
1990,NBA,Midwest,HOU,MIN,HOU,5,0,0,5
1990,NBA,Midwest,HOU,ORL,HOU,3,2,0,5
1990,NBA,Midwest,HOU,SAS,SAS,2,3,0,5
1990,NBA,Midwest,HOU,UTA,TIE,2,2,0,4
1990,NBA,Midwest,MIN,ORL,TIE,2,2,0,4
1990,NBA,Midwest,MIN,SAS,SAS,0,4,0,4
1990,NBA,Midwest,MIN,UTA,UTA,1,4,0,5
1990,NBA,Midwest,ORL,SAS,SAS,1,3,0,4
1990,NBA,Midwest,ORL,UTA,UTA,1,4,0,5
1990,NBA,Midwest,SAS,UTA,UTA,2,3,0,5
1990,NBA,Pacific,GSW,LAC,GSW,3,2,0,5
1990,NBA,Pacific,GSW,LAL,LAL,2,3,0,5
1990,NBA,Pacific,GSW,PHX,PHX,1,3,0,4
1990,NBA,Pacific,GSW,POR,POR,2,3,0,5
1990,NBA,Pacific,GSW,SAC,SAC,2,3,0,5
1990,NBA,Pacific,GSW,SEA,GSW,3,1,0,4
1990,NBA,Pacific,LAC,LAL,LAL,0,4,0,4
1990,NBA,Pacific,LAC,PHX,PHX,2,3,0,5
1990,NBA,Pacific,LAC,POR,POR,1,3,0,4
1990,NBA,Pacific,LAC,SAC,LAC,3,2,0,5
1990,NBA,Pacific,LAC,SEA,SEA,2,3,0,5
1990,NBA,Pacific,LAL,PHX,LAL,3,2,0,5
1990,NBA,Pacific,LAL,POR,POR,2,3,0,5
1990,NBA,Pacific,LAL,SAC,LAL,4,0,0,4
1990,NBA,Pacific,LAL,SEA,LAL,3,2,0,5
1990,NBA,Pacific,PHX,POR,PHX,3,2,0,5
1990,NBA,Pacific,PHX,SAC,PHX,3,1,0,4
1990,NBA,Pacific,PHX,SEA,PHX,3,2,0,5
1990,NBA,Pacific,POR,SAC,POR,3,2,0,5
1990,NBA,Pacific,POR,SEA,POR,4,0,0,4
1990,NBA,Pacific,SAC,SEA,SEA,1,4,0,5
1991,NBA,Atlantic,BOS,MIA,BOS,3,2,0,5
1991,NBA,Atlantic,BOS,NJN,NJN,2,3,0,5
1991,NBA,Atlantic,BOS,NYK,BOS,3,2,0,5
1991,NBA,Atlantic,BOS,ORL,BOS,5,0,0,5
1991,NBA,Atlantic,BOS,PHI,BOS,3,1,0,4
1991,NBA,Atlantic,BOS,WAS,BOS,3,1,0,4
1991,NBA,Atlantic,MIA,NJN,TIE,2,2,0,4
1991,NBA,Atlantic,MIA,NYK,NYK,1,4,0,5
1991,NBA,Atlantic,MIA,ORL,MIA,3,1,0,4
1991,NBA,Atlantic,MIA,PHI,PHI,1,4,0,5
1991,NBA,Atlantic,MIA,WAS,MIA,5,0,0,5
1991,NBA,Atlantic,NJN,NYK,NYK,2,3,0,5
1991,NBA,Atlantic,NJN,ORL,NJN,3,1,0,4
1991,NBA,Atlantic,NJN,PHI,NJN,3,2,0,5
1991,NBA,Atlantic,NJN,WAS,WAS,2,3,0,5
1991,NBA,Atlantic,NYK,ORL,NYK,4,1,0,5
1991,NBA,Atlantic,NYK,PHI,NYK,3,1,0,4
1991,NBA,Atlantic,NYK,WAS,NYK,4,0,0,4
1991,NBA,Atlantic,ORL,PHI,ORL,3,2,0,5
1991,NBA,Atlantic,ORL,WAS,WAS,2,3,0,5
1991,NBA,Atlantic,PHI,WAS,PHI,5,0,0,5
1991,NBA,Central,ATL,CHA,TIE,2,2,0,4
1991,NBA,Central,ATL,CHI,CHI,0,5,0,5
1991,NBA,Central,ATL,CLE,CLE,0,5,0,5
1991,NBA,Central,ATL,DET,DET,1,4,0,5
1991,NBA,Central,ATL,IND,IND,1,4,0,5
1991,NBA,Central,ATL,MIL,ATL,3,1,0,4
1991,NBA,Central,CHA,CHI,CHI,0,4,0,4
1991,NBA,Central,CHA,CLE,CLE,2,3,0,5
1991,NBA,Central,CHA,DET,DET,1,4,0,5
1991,NBA,Central,CHA,IND,CHA,3,2,0,5
1991,NBA,Central,CHA,MIL,MIL,2,3,0,5
1991,NBA,Central,CHI,CLE,CHI,3,2,0,5
1991,NBA,Central,CHI,DET,CHI,4,1,0,5
1991,NBA,Central,CHI,IND,CHI,3,1,0,4
1991,NBA,Central,CHI,MIL,CHI,3,2,0,5
1991,NBA,Central,CLE,DET,CLE,3,1,0,4
1991,NBA,Central,CLE,IND,CLE,5,0,0,5
1991,NBA,Central,CLE,MIL,CLE,3,1,0,4
1991,NBA,Central,DET,IND,TIE,2,2,0,4
1991,NBA,Central,DET,MIL,DET,3,2,0,5
1991,NBA,Central,IND,MIL,IND,4,1,0,5
1991,NBA,Midwest,DAL,DEN,DAL,3,2,0,5
1991,NBA,Midwest,DAL,HOU,DAL,4,2,0,6
1991,NBA,Midwest,DAL,MIN,DAL,3,2,0,5
1991,NBA,Midwest,DAL,SAS,SAS,0,5,0,5
1991,NBA,Midwest,DAL,UTA,UTA,1,4,0,5
1991,NBA,Midwest,DEN,HOU,HOU,2,3,0,5
1991,NBA,Midwest,DEN,MIN,MIN,2,3,0,5
1991,NBA,Midwest,DEN,SAS,SAS,1,4,0,5
1991,NBA,Midwest,DEN,UTA,UTA,1,5,0,6
1991,NBA,Midwest,HOU,MIN,HOU,3,2,0,5
1991,NBA,Midwest,HOU,SAS,HOU,3,2,0,5
1991,NBA,Midwest,HOU,UTA,UTA,1,4,0,5
1991,NBA,Midwest,MIN,SAS,SAS,0,6,0,6
1991,NBA,Midwest,MIN,UTA,UTA,2,3,0,5
1991,NBA,Midwest,SAS,UTA,UTA,1,4,0,5
1991,NBA,Pacific,GSW,LAC,GSW,3,2,0,5
1991,NBA,Pacific,GSW,LAL,GSW,3,2,0,5
1991,NBA,Pacific,GSW,PHX,GSW,3,2,0,5
1991,NBA,Pacific,GSW,POR,POR,2,3,0,5
1991,NBA,Pacific,GSW,SAC,GSW,5,0,0,5
1991,NBA,Pacific,GSW,SEA,GSW,3,2,0,5
1991,NBA,Pacific,LAC,LAL,LAL,2,3,0,5
1991,NBA,Pacific,LAC,PHX,LAC,3,2,0,5
1991,NBA,Pacific,LAC,POR,POR,2,3,0,5
1991,NBA,Pacific,LAC,SAC,SAC,2,3,0,5
1991,NBA,Pacific,LAC,SEA,SEA,2,3,0,5
1991,NBA,Pacific,LAL,PHX,PHX,2,3,0,5
1991,NBA,Pacific,LAL,POR,POR,1,4,0,5
1991,NBA,Pacific,LAL,SAC,LAL,4,1,0,5
1991,NBA,Pacific,LAL,SEA,SEA,1,4,0,5
1991,NBA,Pacific,PHX,POR,PHX,3,2,0,5
1991,NBA,Pacific,PHX,SAC,PHX,4,1,0,5
1991,NBA,Pacific,PHX,SEA,PHX,3,2,0,5
1991,NBA,Pacific,POR,SAC,POR,5,0,0,5
1991,NBA,Pacific,POR,SEA,POR,4,1,0,5
1991,NBA,Pacific,SAC,SEA,SEA,1,4,0,5
1992,NBA,Atlantic,BOS,MIA,BOS,3,1,0,4
1992,NBA,Atlantic,BOS,NJN,BOS,4,0,0,4
1992,NBA,Atlantic,BOS,NYK,NYK,1,4,0,5
1992,NBA,Atlantic,BOS,ORL,BOS,3,2,0,5
1992,NBA,Atlantic,BOS,PHI,BOS,4,1,0,5
1992,NBA,Atlantic,BOS,WAS,BOS,4,1,0,5
1992,NBA,Atlantic,MIA,NJN,NJN,2,3,0,5
1992,NBA,Atlantic,MIA,NYK,NYK,0,5,0,5
1992,NBA,Atlantic,MIA,ORL,MIA,3,2,0,5
1992,NBA,Atlantic,MIA,PHI,PHI,1,3,0,4
1992,NBA,Atlantic,MIA,WAS,WAS,2,3,0,5
1992,NBA,Atlantic,NJN,NYK,NYK,1,3,0,4
1992,NBA,Atlantic,NJN,ORL,NJN,3,2,0,5
1992,NBA,Atlantic,NJN,PHI,NJN,3,2,0,5
1992,NBA,Atlantic,NJN,WAS,NJN,4,1,0,5
1992,NBA,Atlantic,NYK,ORL,TIE,2,2,0,4
1992,NBA,Atlantic,NYK,PHI,NYK,5,0,0,5
1992,NBA,Atlantic,NYK,WAS,NYK,4,1,0,5
1992,NBA,Atlantic,ORL,PHI,ORL,3,2,0,5
1992,NBA,Atlantic,ORL,WAS,ORL,4,0,0,4
1992,NBA,Atlantic,PHI,WAS,PHI,3,1,0,4
1992,NBA,Central,ATL,CHA,ATL,3,2,0,5
1992,NBA,Central,ATL,CHI,TIE,2,2,0,4
1992,NBA,Central,ATL,CLE,CLE,0,5,0,5
1992,NBA,Central,ATL,DET,DET,2,3,0,5
1992,NBA,Central,ATL,IND,TIE,2,2,0,4
1992,NBA,Central,ATL,MIL,ATL,3,2,0,5
1992,NBA,Central,CHA,CHI,CHI,2,3,0,5
1992,NBA,Central,CHA,CLE,CLE,1,3,0,4
1992,NBA,Central,CHA,DET,CHA,4,1,0,5
1992,NBA,Central,CHA,IND,IND,0,5,0,5
1992,NBA,Central,CHA,MIL,CHA,3,1,0,4
1992,NBA,Central,CHI,CLE,CLE,2,3,0,5
1992,NBA,Central,CHI,DET,CHI,3,1,0,4
1992,NBA,Central,CHI,IND,CHI,5,0,0,5
1992,NBA,Central,CHI,MIL,CHI,4,1,0,5
1992,NBA,Central,CLE,DET,CLE,3,2,0,5
1992,NBA,Central,CLE,IND,CLE,4,0,0,4
1992,NBA,Central,CLE,MIL,CLE,4,1,0,5
1992,NBA,Central,DET,IND,DET,3,2,0,5
1992,NBA,Central,DET,MIL,TIE,2,2,0,4
1992,NBA,Central,IND,MIL,MIL,2,3,0,5
1992,NBA,Midwest,DAL,DEN,DEN,1,5,0,6
1992,NBA,Midwest,DAL,HOU,HOU,1,4,0,5
1992,NBA,Midwest,DAL,MIN,MIN,1,4,0,5
1992,NBA,Midwest,DAL,SAS,SAS,0,5,0,5
1992,NBA,Midwest,DAL,UTA,UTA,0,5,0,5
1992,NBA,Midwest,DEN,HOU,HOU,2,3,0,5
1992,NBA,Midwest,DEN,MIN,DEN,3,2,0,5
1992,NBA,Midwest,DEN,SAS,SAS,1,4,0,5
1992,NBA,Midwest,DEN,UTA,UTA,2,3,0,5
1992,NBA,Midwest,HOU,MIN,HOU,4,2,0,6
1992,NBA,Midwest,HOU,SAS,HOU,4,1,0,5
1992,NBA,Midwest,HOU,UTA,HOU,4,1,0,5
1992,NBA,Midwest,MIN,SAS,SAS,1,4,0,5
1992,NBA,Midwest,MIN,UTA,UTA,1,4,0,5
1992,NBA,Midwest,SAS,UTA,TIE,3,3,0,6
1992,NBA,Pacific,GSW,LAC,LAC,2,3,0,5
1992,NBA,Pacific,GSW,LAL,LAL,1,4,0,5
1992,NBA,Pacific,GSW,PHX,PHX,1,4,0,5
1992,NBA,Pacific,GSW,POR,POR,0,5,0,5
1992,NBA,Pacific,GSW,SAC,GSW,4,1,0,5
1992,NBA,Pacific,GSW,SEA,SEA,1,4,0,5
1992,NBA,Pacific,LAC,LAL,LAC,3,2,0,5
1992,NBA,Pacific,LAC,PHX,LAC,3,2,0,5
1992,NBA,Pacific,LAC,POR,POR,2,3,0,5
1992,NBA,Pacific,LAC,SAC,LAC,3,2,0,5
1992,NBA,Pacific,LAC,SEA,SEA,1,4,0,5
1992,NBA,Pacific,LAL,PHX,PHX,0,5,0,5
1992,NBA,Pacific,LAL,POR,LAL,3,2,0,5
1992,NBA,Pacific,LAL,SAC,LAL,3,2,0,5
1992,NBA,Pacific,LAL,SEA,SEA,1,4,0,5
1992,NBA,Pacific,PHX,POR,PHX,3,2,0,5
1992,NBA,Pacific,PHX,SAC,PHX,5,0,0,5
1992,NBA,Pacific,PHX,SEA,SEA,2,3,0,5
1992,NBA,Pacific,POR,SAC,POR,5,0,0,5
1992,NBA,Pacific,POR,SEA,SEA,2,3,0,5
1992,NBA,Pacific,SAC,SEA,SEA,1,4,0,5
1993,NBA,Atlantic,BOS,MIA,MIA,2,3,0,5
1993,NBA,Atlantic,BOS,NJN,NJN,1,4,0,5
1993,NBA,Atlantic,BOS,NYK,NYK,0,4,0,4
1993,NBA,Atlantic,BOS,ORL,TIE,2,2,0,4
1993,NBA,Atlantic,BOS,PHI,BOS,4,1,0,5
1993,NBA,Atlantic,BOS,WAS,BOS,3,2,0,5
1993,NBA,Atlantic,MIA,NJN,NJN,2,3,0,5
1993,NBA,Atlantic,MIA,NYK,TIE,2,2,0,4
1993,NBA,Atlantic,MIA,ORL,ORL,2,3,0,5
1993,NBA,Atlantic,MIA,PHI,MIA,4,1,0,5
1993,NBA,Atlantic,MIA,WAS,MIA,3,1,0,4
1993,NBA,Atlantic,NJN,NYK,NJN,4,1,0,5
1993,NBA,Atlantic,NJN,ORL,ORL,0,5,0,5
1993,NBA,Atlantic,NJN,PHI,NJN,3,1,0,4
1993,NBA,Atlantic,NJN,WAS,NJN,3,1,0,4
1993,NBA,Atlantic,NYK,ORL,NYK,3,2,0,5
1993,NBA,Atlantic,NYK,PHI,NYK,3,2,0,5
1993,NBA,Atlantic,NYK,WAS,NYK,5,0,0,5
1993,NBA,Atlantic,ORL,PHI,ORL,4,0,0,4
1993,NBA,Atlantic,ORL,WAS,ORL,4,1,0,5
1993,NBA,Atlantic,PHI,WAS,WAS,2,3,0,5
1993,NBA,Central,ATL,CHA,ATL,4,1,0,5
1993,NBA,Central,ATL,CHI,CHI,2,3,0,5
1993,NBA,Central,ATL,CLE,ATL,3,1,0,4
1993,NBA,Central,ATL,DET,ATL,4,0,0,4
1993,NBA,Central,ATL,IND,ATL,3,2,0,5
1993,NBA,Central,ATL,MIL,ATL,5,0,0,5
1993,NBA,Central,CHA,CHI,CHI,1,4,0,5
1993,NBA,Central,CHA,CLE,CLE,1,4,0,5
1993,NBA,Central,CHA,DET,CHA,4,0,0,4
1993,NBA,Central,CHA,IND,TIE,2,2,0,4
1993,NBA,Central,CHA,MIL,CHA,3,2,0,5
1993,NBA,Central,CHI,CLE,CLE,1,3,0,4
1993,NBA,Central,CHI,DET,CHI,5,0,0,5
1993,NBA,Central,CHI,IND,CHI,4,1,0,5
1993,NBA,Central,CHI,MIL,CHI,4,0,0,4
1993,NBA,Central,CLE,DET,CLE,3,2,0,5
1993,NBA,Central,CLE,IND,IND,2,3,0,5
1993,NBA,Central,CLE,MIL,CLE,3,2,0,5
1993,NBA,Central,DET,IND,IND,1,4,0,5
1993,NBA,Central,DET,MIL,MIL,1,4,0,5
1993,NBA,Central,IND,MIL,IND,3,1,0,4
1993,NBA,Midwest,DAL,DEN,DEN,1,4,0,5
1993,NBA,Midwest,DAL,HOU,HOU,1,4,0,5
1993,NBA,Midwest,DAL,MIN,DAL,5,1,0,6
1993,NBA,Midwest,DAL,SAS,SAS,0,5,0,5
1993,NBA,Midwest,DAL,UTA,UTA,0,5,0,5
1993,NBA,Midwest,DEN,HOU,DEN,3,2,0,5
1993,NBA,Midwest,DEN,MIN,DEN,4,1,0,5
1993,NBA,Midwest,DEN,SAS,SAS,2,4,0,6
1993,NBA,Midwest,DEN,UTA,UTA,1,4,0,5
1993,NBA,Midwest,HOU,MIN,HOU,4,1,0,5
1993,NBA,Midwest,HOU,SAS,SAS,2,3,0,5
1993,NBA,Midwest,HOU,UTA,TIE,3,3,0,6
1993,NBA,Midwest,MIN,SAS,SAS,1,4,0,5
1993,NBA,Midwest,MIN,UTA,UTA,1,4,0,5
1993,NBA,Midwest,SAS,UTA,UTA,0,5,0,5
1993,NBA,Pacific,GSW,LAC,GSW,4,1,0,5
1993,NBA,Pacific,GSW,LAL,GSW,5,0,0,5
1993,NBA,Pacific,GSW,PHX,PHX,2,3,0,5
1993,NBA,Pacific,GSW,POR,GSW,3,2,0,5
1993,NBA,Pacific,GSW,SAC,GSW,4,1,0,5
1993,NBA,Pacific,GSW,SEA,SEA,1,4,0,5
1993,NBA,Pacific,LAC,LAL,LAL,2,3,0,5
1993,NBA,Pacific,LAC,PHX,PHX,0,5,0,5
1993,NBA,Pacific,LAC,POR,POR,2,3,0,5
1993,NBA,Pacific,LAC,SAC,LAC,3,2,0,5
1993,NBA,Pacific,LAC,SEA,SEA,1,4,0,5
1993,NBA,Pacific,LAL,PHX,LAL,3,2,0,5
1993,NBA,Pacific,LAL,POR,POR,0,5,0,5
1993,NBA,Pacific,LAL,SAC,SAC,1,4,0,5
1993,NBA,Pacific,LAL,SEA,SEA,0,5,0,5
1993,NBA,Pacific,PHX,POR,PHX,3,2,0,5
1993,NBA,Pacific,PHX,SAC,PHX,4,1,0,5
1993,NBA,Pacific,PHX,SEA,SEA,2,3,0,5
1993,NBA,Pacific,POR,SAC,POR,4,1,0,5
1993,NBA,Pacific,POR,SEA,SEA,1,4,0,5
1993,NBA,Pacific,SAC,SEA,SEA,0,5,0,5
1994,NBA,Atlantic,BOS,MIA,BOS,4,1,0,5
1994,NBA,Atlantic,BOS,NJN,NJN,2,3,0,5
1994,NBA,Atlantic,BOS,NYK,NYK,0,5,0,5
1994,NBA,Atlantic,BOS,ORL,ORL,2,3,0,5
1994,NBA,Atlantic,BOS,PHI,BOS,3,1,0,4
1994,NBA,Atlantic,BOS,WAS,BOS,3,1,0,4
1994,NBA,Atlantic,MIA,NJN,NJN,1,3,0,4
1994,NBA,Atlantic,MIA,NYK,NYK,1,4,0,5
1994,NBA,Atlantic,MIA,ORL,ORL,1,3,0,4
1994,NBA,Atlantic,MIA,PHI,PHI,1,4,0,5
1994,NBA,Atlantic,MIA,WAS,MIA,4,1,0,5
1994,NBA,Atlantic,NJN,NYK,NYK,1,4,0,5
1994,NBA,Atlantic,NJN,ORL,TIE,2,2,0,4
1994,NBA,Atlantic,NJN,PHI,PHI,2,3,0,5
1994,NBA,Atlantic,NJN,WAS,WAS,2,3,0,5
1994,NBA,Atlantic,NYK,ORL,ORL,2,3,0,5
1994,NBA,Atlantic,NYK,PHI,NYK,4,0,0,4
1994,NBA,Atlantic,NYK,WAS,NYK,4,0,0,4
1994,NBA,Atlantic,ORL,PHI,ORL,4,1,0,5
1994,NBA,Atlantic,ORL,WAS,ORL,3,2,0,5
1994,NBA,Atlantic,PHI,WAS,PHI,3,2,0,5
1994,NBA,Central,ATL,CHA,TIE,2,2,0,4
1994,NBA,Central,ATL,CHI,CHI,1,4,0,5
1994,NBA,Central,ATL,CLE,CLE,1,4,0,5
1994,NBA,Central,ATL,DET,ATL,3,2,0,5
1994,NBA,Central,ATL,IND,IND,1,4,0,5
1994,NBA,Central,ATL,MIL,MIL,1,3,0,4
1994,NBA,Central,CHA,CHI,TIE,2,2,0,4
1994,NBA,Central,CHA,CLE,CHA,3,2,0,5
1994,NBA,Central,CHA,DET,CHA,5,0,0,5
1994,NBA,Central,CHA,IND,IND,1,4,0,5
1994,NBA,Central,CHA,MIL,CHA,4,1,0,5
1994,NBA,Central,CHI,CLE,CLE,2,3,0,5
1994,NBA,Central,CHI,DET,CHI,5,0,0,5
1994,NBA,Central,CHI,IND,TIE,2,2,0,4
1994,NBA,Central,CHI,MIL,MIL,1,4,0,5
1994,NBA,Central,CLE,DET,TIE,2,2,0,4
1994,NBA,Central,CLE,IND,IND,2,3,0,5
1994,NBA,Central,CLE,MIL,CLE,4,0,0,4
1994,NBA,Central,DET,IND,TIE,2,2,0,4
1994,NBA,Central,DET,MIL,MIL,2,3,0,5
1994,NBA,Central,IND,MIL,IND,3,2,0,5
1994,NBA,Midwest,DAL,DEN,DEN,1,4,0,5
1994,NBA,Midwest,DAL,HOU,HOU,2,3,0,5
1994,NBA,Midwest,DAL,MIN,DAL,4,1,0,5
1994,NBA,Midwest,DAL,SAS,SAS,2,3,0,5
1994,NBA,Midwest,DAL,UTA,UTA,2,4,0,6
1994,NBA,Midwest,DEN,HOU,HOU,1,4,0,5
1994,NBA,Midwest,DEN,MIN,DEN,6,0,0,6
1994,NBA,Midwest,DEN,SAS,SAS,1,4,0,5
1994,NBA,Midwest,DEN,UTA,UTA,1,4,0,5
1994,NBA,Midwest,HOU,MIN,HOU,3,2,0,5
1994,NBA,Midwest,HOU,SAS,SAS,1,5,0,6
1994,NBA,Midwest,HOU,UTA,UTA,2,3,0,5
1994,NBA,Midwest,MIN,SAS,SAS,0,5,0,5
1994,NBA,Midwest,MIN,UTA,UTA,1,4,0,5
1994,NBA,Midwest,SAS,UTA,SAS,3,2,0,5
1994,NBA,Pacific,GSW,LAC,GSW,3,2,0,5
1994,NBA,Pacific,GSW,LAL,GSW,3,2,0,5
1994,NBA,Pacific,GSW,PHX,GSW,3,2,0,5
1994,NBA,Pacific,GSW,POR,POR,1,4,0,5
1994,NBA,Pacific,GSW,SAC,SAC,0,5,0,5
1994,NBA,Pacific,GSW,SEA,SEA,1,4,0,5
1994,NBA,Pacific,LAC,LAL,LAL,2,3,0,5
1994,NBA,Pacific,LAC,PHX,PHX,1,4,0,5
1994,NBA,Pacific,LAC,POR,POR,0,5,0,5
1994,NBA,Pacific,LAC,SAC,SAC,1,4,0,5
1994,NBA,Pacific,LAC,SEA,SEA,0,5,0,5
1994,NBA,Pacific,LAL,PHX,PHX,1,4,0,5
1994,NBA,Pacific,LAL,POR,POR,2,3,0,5
1994,NBA,Pacific,LAL,SAC,LAL,3,2,0,5
1994,NBA,Pacific,LAL,SEA,LAL,4,1,0,5
1994,NBA,Pacific,PHX,POR,PHX,5,0,0,5
1994,NBA,Pacific,PHX,SAC,PHX,4,1,0,5
1994,NBA,Pacific,PHX,SEA,PHX,4,1,0,5
1994,NBA,Pacific,POR,SAC,POR,3,2,0,5
1994,NBA,Pacific,POR,SEA,SEA,2,3,0,5
1994,NBA,Pacific,SAC,SEA,SAC,3,2,0,5
1995,NBA,Atlantic,BOS,MIA,BOS,3,1,0,4
1995,NBA,Atlantic,BOS,NJN,TIE,2,2,0,4
1995,NBA,Atlantic,BOS,NYK,NYK,0,4,0,4
1995,NBA,Atlantic,BOS,ORL,ORL,1,3,0,4
1995,NBA,Atlantic,BOS,PHI,BOS,4,0,0,4
1995,NBA,Atlantic,BOS,WAS,TIE,2,2,0,4
1995,NBA,Atlantic,MIA,NJN,MIA,5,0,0,5
1995,NBA,Atlantic,MIA,NYK,NYK,1,3,0,4
1995,NBA,Atlantic,MIA,ORL,ORL,1,3,0,4
1995,NBA,Atlantic,MIA,PHI,MIA,3,1,0,4
1995,NBA,Atlantic,MIA,WAS,TIE,2,2,0,4
1995,NBA,Atlantic,NJN,NYK,TIE,2,2,0,4
1995,NBA,Atlantic,NJN,ORL,ORL,0,4,0,4
1995,NBA,Atlantic,NJN,PHI,TIE,2,2,0,4
1995,NBA,Atlantic,NJN,WAS,TIE,2,2,0,4
1995,NBA,Atlantic,NYK,ORL,ORL,1,3,0,4
1995,NBA,Atlantic,NYK,PHI,NYK,3,1,0,4
1995,NBA,Atlantic,NYK,WAS,NYK,3,1,0,4
1995,NBA,Atlantic,ORL,PHI,ORL,4,0,0,4
1995,NBA,Atlantic,ORL,WAS,ORL,4,0,0,4
1995,NBA,Atlantic,PHI,WAS,WAS,1,3,0,4
1995,NBA,Central,ATL,CHA,ATL,3,1,0,4
1995,NBA,Central,ATL,CHI,CHI,0,4,0,4
1995,NBA,Central,ATL,CLE,ATL,3,1,0,4
1995,NBA,Central,ATL,DET,TIE,2,2,0,4
1995,NBA,Central,ATL,IND,IND,1,3,0,4
1995,NBA,Central,ATL,MIL,TIE,2,2,0,4
1995,NBA,Central,ATL,TOR,ATL,4,0,0,4
1995,NBA,Central,CHA,CHI,CHI,1,3,0,4
1995,NBA,Central,CHA,CLE,CHA,3,1,0,4
1995,NBA,Central,CHA,DET,DET,1,3,0,4
1995,NBA,Central,CHA,IND,IND,1,3,0,4
1995,NBA,Central,CHA,MIL,CHA,3,1,0,4
1995,NBA,Central,CHA,TOR,CHA,3,1,0,4
1995,NBA,Central,CHI,CLE,CHI,4,0,0,4
1995,NBA,Central,CHI,DET,CHI,4,0,0,4
1995,NBA,Central,CHI,IND,TIE,2,2,0,4
1995,NBA,Central,CHI,MIL,CHI,4,0,0,4
1995,NBA,Central,CHI,TOR,CHI,3,1,0,4
1995,NBA,Central,CLE,DET,TIE,2,2,0,4
1995,NBA,Central,CLE,IND,TIE,2,2,0,4
1995,NBA,Central,CLE,MIL,CLE,4,0,0,4
1995,NBA,Central,CLE,TOR,CLE,3,1,0,4
1995,NBA,Central,DET,IND,TIE,2,2,0,4
1995,NBA,Central,DET,MIL,TIE,2,2,0,4
1995,NBA,Central,DET,TOR,DET,4,0,0,4
1995,NBA,Central,IND,MIL,IND,3,1,0,4
1995,NBA,Central,IND,TOR,IND,4,0,0,4
1995,NBA,Central,MIL,TOR,TIE,2,2,0,4
1995,NBA,Midwest,DAL,DEN,TIE,2,2,0,4
1995,NBA,Midwest,DAL,HOU,HOU,1,3,0,4
1995,NBA,Midwest,DAL,MIN,MIN,0,4,0,4
1995,NBA,Midwest,DAL,SAS,TIE,2,2,0,4
1995,NBA,Midwest,DAL,UTA,UTA,1,3,0,4
1995,NBA,Midwest,DAL,VAN,DAL,4,0,0,4
1995,NBA,Midwest,DEN,HOU,HOU,1,3,0,4
1995,NBA,Midwest,DEN,MIN,DEN,4,0,0,4
1995,NBA,Midwest,DEN,SAS,SAS,0,4,0,4
1995,NBA,Midwest,DEN,UTA,DEN,3,1,0,4
1995,NBA,Midwest,DEN,VAN,DEN,3,1,0,4
1995,NBA,Midwest,HOU,MIN,TIE,2,2,0,4
1995,NBA,Midwest,HOU,SAS,SAS,1,3,0,4
1995,NBA,Midwest,HOU,UTA,TIE,2,2,0,4
1995,NBA,Midwest,HOU,VAN,HOU,4,0,0,4
1995,NBA,Midwest,MIN,SAS,SAS,1,3,0,4
1995,NBA,Midwest,MIN,UTA,UTA,1,3,0,4
1995,NBA,Midwest,MIN,VAN,TIE,2,2,0,4
1995,NBA,Midwest,SAS,UTA,SAS,3,1,0,4
1995,NBA,Midwest,SAS,VAN,SAS,4,0,0,4
1995,NBA,Midwest,UTA,VAN,UTA,4,0,0,4
1995,NBA,Pacific,GSW,LAC,GSW,3,1,0,4
1995,NBA,Pacific,GSW,LAL,LAL,1,3,0,4
1995,NBA,Pacific,GSW,PHX,PHX,1,3,0,4
1995,NBA,Pacific,GSW,POR,POR,1,3,0,4
1995,NBA,Pacific,GSW,SAC,SAC,1,3,0,4
1995,NBA,Pacific,GSW,SEA,SEA,0,4,0,4
1995,NBA,Pacific,LAC,LAL,LAL,0,4,0,4
1995,NBA,Pacific,LAC,PHX,LAC,3,1,0,4
1995,NBA,Pacific,LAC,POR,TIE,2,2,0,4
1995,NBA,Pacific,LAC,SAC,TIE,2,2,0,4
1995,NBA,Pacific,LAC,SEA,SEA,0,4,0,4
1995,NBA,Pacific,LAL,PHX,LAL,3,1,0,4
1995,NBA,Pacific,LAL,POR,TIE,2,2,0,4
1995,NBA,Pacific,LAL,SAC,LAL,3,1,0,4
1995,NBA,Pacific,LAL,SEA,TIE,2,2,0,4
1995,NBA,Pacific,PHX,POR,TIE,2,2,0,4
1995,NBA,Pacific,PHX,SAC,TIE,2,2,0,4
1995,NBA,Pacific,PHX,SEA,SEA,0,4,0,4
1995,NBA,Pacific,POR,SAC,SAC,1,3,0,4
1995,NBA,Pacific,POR,SEA,SEA,1,3,0,4
1995,NBA,Pacific,SAC,SEA,SEA,0,4,0,4
1996,NBA,Atlantic,BOS,MIA,MIA,0,4,0,4
1996,NBA,Atlantic,BOS,NJN,NJN,0,4,0,4
1996,NBA,Atlantic,BOS,NYK,NYK,0,4,0,4
1996,NBA,Atlantic,BOS,ORL,ORL,0,4,0,4
1996,NBA,Atlantic,BOS,PHI,PHI,1,3,0,4
1996,NBA,Atlantic,BOS,WAS,WAS,0,4,0,4
1996,NBA,Atlantic,MIA,NJN,MIA,3,1,0,4
1996,NBA,Atlantic,MIA,NYK,NYK,1,3,0,4
1996,NBA,Atlantic,MIA,ORL,TIE,2,2,0,4
1996,NBA,Atlantic,MIA,PHI,MIA,3,1,0,4
1996,NBA,Atlantic,MIA,WAS,MIA,3,1,0,4
1996,NBA,Atlantic,NJN,NYK,TIE,2,2,0,4
1996,NBA,Atlantic,NJN,ORL,ORL,1,3,0,4
1996,NBA,Atlantic,NJN,PHI,TIE,2,2,0,4
1996,NBA,Atlantic,NJN,WAS,WAS,1,3,0,4
1996,NBA,Atlantic,NYK,ORL,NYK,3,1,0,4
1996,NBA,Atlantic,NYK,PHI,NYK,3,2,0,5
1996,NBA,Atlantic,NYK,WAS,NYK,4,0,0,4
1996,NBA,Atlantic,ORL,PHI,TIE,2,2,0,4
1996,NBA,Atlantic,ORL,WAS,WAS,1,3,0,4
1996,NBA,Atlantic,PHI,WAS,WAS,1,3,0,4
1996,NBA,Central,ATL,CHA,CHA,1,3,0,4
1996,NBA,Central,ATL,CHI,CHI,1,3,0,4
1996,NBA,Central,ATL,CLE,ATL,3,1,0,4
1996,NBA,Central,ATL,DET,DET,1,3,0,4
1996,NBA,Central,ATL,IND,ATL,3,1,0,4
1996,NBA,Central,ATL,MIL,ATL,4,0,0,4
1996,NBA,Central,ATL,TOR,ATL,4,0,0,4
1996,NBA,Central,CHA,CHI,CHI,0,4,0,4
1996,NBA,Central,CHA,CLE,CHA,3,1,0,4
1996,NBA,Central,CHA,DET,TIE,2,2,0,4
1996,NBA,Central,CHA,IND,TIE,2,2,0,4
1996,NBA,Central,CHA,MIL,TIE,2,2,0,4
1996,NBA,Central,CHA,TOR,TIE,2,2,0,4
1996,NBA,Central,CHI,CLE,CHI,3,1,0,4
1996,NBA,Central,CHI,DET,CHI,3,1,0,4
1996,NBA,Central,CHI,IND,CHI,4,0,0,4
1996,NBA,Central,CHI,MIL,CHI,4,0,0,4
1996,NBA,Central,CHI,TOR,CHI,3,1,0,4
1996,NBA,Central,CLE,DET,TIE,2,2,0,4
1996,NBA,Central,CLE,IND,CLE,3,1,0,4
1996,NBA,Central,CLE,MIL,TIE,2,2,0,4
1996,NBA,Central,CLE,TOR,CLE,3,1,0,4
1996,NBA,Central,DET,IND,DET,3,1,0,4
1996,NBA,Central,DET,MIL,DET,3,1,0,4
1996,NBA,Central,DET,TOR,DET,3,1,0,4
1996,NBA,Central,IND,MIL,TIE,2,2,0,4
1996,NBA,Central,IND,TOR,IND,4,0,0,4
1996,NBA,Central,MIL,TOR,MIL,3,1,0,4
1996,NBA,Midwest,DAL,DEN,DAL,3,1,0,4
1996,NBA,Midwest,DAL,HOU,HOU,0,4,0,4
1996,NBA,Midwest,DAL,MIN,MIN,1,3,0,4
1996,NBA,Midwest,DAL,SAS,SAS,1,3,0,4
1996,NBA,Midwest,DAL,UTA,UTA,1,3,0,4
1996,NBA,Midwest,DAL,VAN,DAL,3,1,0,4
1996,NBA,Midwest,DEN,HOU,HOU,1,3,0,4
1996,NBA,Midwest,DEN,MIN,MIN,0,4,0,4
1996,NBA,Midwest,DEN,SAS,TIE,2,2,0,4
1996,NBA,Midwest,DEN,UTA,UTA,0,4,0,4
1996,NBA,Midwest,DEN,VAN,DEN,3,1,0,4
1996,NBA,Midwest,HOU,MIN,HOU,4,0,0,4
1996,NBA,Midwest,HOU,SAS,HOU,3,1,0,4
1996,NBA,Midwest,HOU,UTA,TIE,2,2,0,4
1996,NBA,Midwest,HOU,VAN,HOU,3,1,0,4
1996,NBA,Midwest,MIN,SAS,MIN,4,0,0,4
1996,NBA,Midwest,MIN,UTA,UTA,1,3,0,4
1996,NBA,Midwest,MIN,VAN,MIN,4,0,0,4
1996,NBA,Midwest,SAS,UTA,UTA,1,3,0,4
1996,NBA,Midwest,SAS,VAN,VAN,1,3,0,4
1996,NBA,Midwest,UTA,VAN,UTA,4,0,0,4
1996,NBA,Pacific,GSW,LAC,LAC,1,3,0,4
1996,NBA,Pacific,GSW,LAL,LAL,0,4,0,4
1996,NBA,Pacific,GSW,PHX,PHX,0,4,0,4
1996,NBA,Pacific,GSW,POR,TIE,2,2,0,4
1996,NBA,Pacific,GSW,SAC,SAC,1,3,0,4
1996,NBA,Pacific,GSW,SEA,SEA,0,4,0,4
1996,NBA,Pacific,LAC,LAL,TIE,2,2,0,4
1996,NBA,Pacific,LAC,PHX,TIE,2,2,0,4
1996,NBA,Pacific,LAC,POR,POR,0,4,0,4
1996,NBA,Pacific,LAC,SAC,TIE,2,2,0,4
1996,NBA,Pacific,LAC,SEA,SEA,1,3,0,4
1996,NBA,Pacific,LAL,PHX,LAL,4,0,0,4
1996,NBA,Pacific,LAL,POR,POR,1,3,0,4
1996,NBA,Pacific,LAL,SAC,LAL,4,0,0,4
1996,NBA,Pacific,LAL,SEA,LAL,3,1,0,4
1996,NBA,Pacific,PHX,POR,POR,1,3,0,4
1996,NBA,Pacific,PHX,SAC,PHX,4,0,0,4
1996,NBA,Pacific,PHX,SEA,TIE,2,2,0,4
1996,NBA,Pacific,POR,SAC,TIE,2,2,0,4
1996,NBA,Pacific,POR,SEA,SEA,1,3,0,4
1996,NBA,Pacific,SAC,SEA,SEA,1,3,0,4
1997,NBA,Atlantic,BOS,MIA,MIA,0,4,0,4
1997,NBA,Atlantic,BOS,NJN,TIE,2,2,0,4
1997,NBA,Atlantic,BOS,NYK,TIE,2,2,0,4
1997,NBA,Atlantic,BOS,ORL,TIE,2,2,0,4
1997,NBA,Atlantic,BOS,PHI,BOS,3,1,0,4
1997,NBA,Atlantic,BOS,WAS,BOS,3,2,0,5
1997,NBA,Atlantic,MIA,NJN,MIA,3,1,0,4
1997,NBA,Atlantic,MIA,NYK,TIE,2,2,0,4
1997,NBA,Atlantic,MIA,ORL,MIA,3,1,0,4
1997,NBA,Atlantic,MIA,PHI,MIA,4,0,0,4
1997,NBA,Atlantic,MIA,WAS,TIE,2,2,0,4
1997,NBA,Atlantic,NJN,NYK,TIE,2,2,0,4
1997,NBA,Atlantic,NJN,ORL,NJN,3,1,0,4
1997,NBA,Atlantic,NJN,PHI,NJN,3,1,0,4
1997,NBA,Atlantic,NJN,WAS,WAS,1,3,0,4
1997,NBA,Atlantic,NYK,ORL,NYK,4,0,0,4
1997,NBA,Atlantic,NYK,PHI,TIE,2,2,0,4
1997,NBA,Atlantic,NYK,WAS,WAS,1,3,0,4
1997,NBA,Atlantic,ORL,PHI,ORL,4,0,0,4
1997,NBA,Atlantic,ORL,WAS,ORL,3,1,0,4
1997,NBA,Atlantic,PHI,WAS,PHI,3,1,0,4
1997,NBA,Central,ATL,CHA,ATL,4,0,0,4
1997,NBA,Central,ATL,CHI,CHI,1,3,0,4
1997,NBA,Central,ATL,CLE,ATL,4,0,0,4
1997,NBA,Central,ATL,DET,TIE,2,2,0,4
1997,NBA,Central,ATL,IND,IND,1,3,0,4
1997,NBA,Central,ATL,MIL,ATL,3,1,0,4
1997,NBA,Central,ATL,TOR,ATL,4,0,0,4
1997,NBA,Central,CHA,CHI,CHI,1,3,0,4
1997,NBA,Central,CHA,CLE,TIE,2,2,0,4
1997,NBA,Central,CHA,DET,CHA,3,1,0,4
1997,NBA,Central,CHA,IND,CHA,3,1,0,4
1997,NBA,Central,CHA,MIL,CHA,3,1,0,4
1997,NBA,Central,CHA,TOR,CHA,4,0,0,4
1997,NBA,Central,CHI,CLE,TIE,2,2,0,4
1997,NBA,Central,CHI,DET,CHI,3,1,0,4
1997,NBA,Central,CHI,IND,TIE,2,2,0,4
1997,NBA,Central,CHI,MIL,CHI,4,0,0,4
1997,NBA,Central,CHI,TOR,CHI,4,0,0,4
1997,NBA,Central,CLE,DET,CLE,3,1,0,4
1997,NBA,Central,CLE,IND,TIE,2,2,0,4
1997,NBA,Central,CLE,MIL,TIE,2,2,0,4
1997,NBA,Central,CLE,TOR,CLE,3,1,0,4
1997,NBA,Central,DET,IND,IND,1,3,0,4
1997,NBA,Central,DET,MIL,TIE,2,2,0,4
1997,NBA,Central,DET,TOR,DET,4,0,0,4
1997,NBA,Central,IND,MIL,IND,4,0,0,4
1997,NBA,Central,IND,TOR,IND,4,0,0,4
1997,NBA,Central,MIL,TOR,MIL,3,1,0,4
1997,NBA,Midwest,DAL,DEN,DAL,3,1,0,4
1997,NBA,Midwest,DAL,HOU,HOU,0,4,0,4
1997,NBA,Midwest,DAL,MIN,TIE,2,2,0,4
1997,NBA,Midwest,DAL,SAS,SAS,0,4,0,4
1997,NBA,Midwest,DAL,UTA,UTA,0,4,0,4
1997,NBA,Midwest,DAL,VAN,DAL,4,0,0,4
1997,NBA,Midwest,DEN,HOU,HOU,0,4,0,4
1997,NBA,Midwest,DEN,MIN,MIN,1,3,0,4
1997,NBA,Midwest,DEN,SAS,SAS,0,4,0,4
1997,NBA,Midwest,DEN,UTA,UTA,0,4,0,4
1997,NBA,Midwest,DEN,VAN,VAN,1,3,0,4
1997,NBA,Midwest,HOU,MIN,MIN,1,3,0,4
1997,NBA,Midwest,HOU,SAS,TIE,2,2,0,4
1997,NBA,Midwest,HOU,UTA,UTA,0,4,0,4
1997,NBA,Midwest,HOU,VAN,HOU,3,1,0,4
1997,NBA,Midwest,MIN,SAS,SAS,1,3,0,4
1997,NBA,Midwest,MIN,UTA,UTA,1,3,0,4
1997,NBA,Midwest,MIN,VAN,MIN,4,0,0,4
1997,NBA,Midwest,SAS,UTA,UTA,1,3,0,4
1997,NBA,Midwest,SAS,VAN,SAS,4,0,0,4
1997,NBA,Midwest,UTA,VAN,UTA,4,0,0,4
1997,NBA,Pacific,GSW,LAC,LAC,1,3,0,4
1997,NBA,Pacific,GSW,LAL,LAL,1,3,0,4
1997,NBA,Pacific,GSW,PHX,PHX,0,4,0,4
1997,NBA,Pacific,GSW,POR,POR,1,3,0,4
1997,NBA,Pacific,GSW,SAC,TIE,2,2,0,4
1997,NBA,Pacific,GSW,SEA,SEA,1,3,0,4
1997,NBA,Pacific,LAC,LAL,LAL,0,4,0,4
1997,NBA,Pacific,LAC,PHX,PHX,0,4,0,4
1997,NBA,Pacific,LAC,POR,POR,0,4,0,4
1997,NBA,Pacific,LAC,SAC,LAC,3,1,0,4
1997,NBA,Pacific,LAC,SEA,SEA,0,4,0,4
1997,NBA,Pacific,LAL,PHX,TIE,2,2,0,4
1997,NBA,Pacific,LAL,POR,TIE,2,2,0,4
1997,NBA,Pacific,LAL,SAC,LAL,4,0,0,4
1997,NBA,Pacific,LAL,SEA,SEA,1,3,0,4
1997,NBA,Pacific,PHX,POR,TIE,2,2,0,4
1997,NBA,Pacific,PHX,SAC,PHX,3,1,0,4
1997,NBA,Pacific,PHX,SEA,TIE,2,2,0,4
1997,NBA,Pacific,POR,SAC,POR,3,1,0,4
1997,NBA,Pacific,POR,SEA,SEA,0,4,0,4
1997,NBA,Pacific,SAC,SEA,SEA,1,3,0,4
1998,NBA,Atlantic,BOS,MIA,BOS,3,0,0,3
1998,NBA,Atlantic,BOS,NJN,NJN,1,2,0,3
1998,NBA,Atlantic,BOS,NYK,NYK,1,2,0,3
1998,NBA,Atlantic,BOS,ORL,ORL,1,2,0,3
1998,NBA,Atlantic,BOS,PHI,PHI,1,2,0,3
1998,NBA,Atlantic,BOS,WAS,BOS,3,1,0,4
1998,NBA,Atlantic,MIA,NJN,MIA,3,1,0,4
1998,NBA,Atlantic,MIA,NYK,TIE,2,2,0,4
1998,NBA,Atlantic,MIA,ORL,MIA,2,1,0,3
1998,NBA,Atlantic,MIA,PHI,MIA,2,1,0,3
1998,NBA,Atlantic,MIA,WAS,MIA,3,0,0,3
1998,NBA,Atlantic,NJN,NYK,NYK,0,3,0,3
1998,NBA,Atlantic,NJN,ORL,ORL,0,3,0,3
1998,NBA,Atlantic,NJN,PHI,PHI,1,2,0,3
1998,NBA,Atlantic,NJN,WAS,NJN,2,1,0,3
1998,NBA,Atlantic,NYK,ORL,ORL,0,3,0,3
1998,NBA,Atlantic,NYK,PHI,NYK,3,1,0,4
1998,NBA,Atlantic,NYK,WAS,NYK,2,1,0,3
1998,NBA,Atlantic,ORL,PHI,PHI,1,2,0,3
1998,NBA,Atlantic,ORL,WAS,ORL,2,1,0,3
1998,NBA,Atlantic,PHI,WAS,WAS,1,2,0,3
1998,NBA,Central,ATL,CHA,ATL,3,0,0,3
1998,NBA,Central,ATL,CHI,ATL,3,1,0,4
1998,NBA,Central,ATL,CLE,ATL,2,1,0,3
1998,NBA,Central,ATL,DET,DET,1,2,0,3
1998,NBA,Central,ATL,IND,ATL,3,1,0,4
1998,NBA,Central,ATL,MIL,MIL,1,2,0,3
1998,NBA,Central,ATL,TOR,ATL,2,1,0,3
1998,NBA,Central,CHA,CHI,CHA,2,1,0,3
1998,NBA,Central,CHA,CLE,CHA,2,1,0,3
1998,NBA,Central,CHA,DET,CHA,3,0,0,3
1998,NBA,Central,CHA,IND,IND,1,2,0,3
1998,NBA,Central,CHA,MIL,TIE,2,2,0,4
1998,NBA,Central,CHA,TOR,CHA,2,1,0,3
1998,NBA,Central,CHI,CLE,CLE,0,3,0,3
1998,NBA,Central,CHI,DET,DET,0,3,0,3
1998,NBA,Central,CHI,IND,IND,0,3,0,3
1998,NBA,Central,CHI,MIL,MIL,1,3,0,4
1998,NBA,Central,CHI,TOR,TOR,1,2,0,3
1998,NBA,Central,CLE,DET,DET,1,2,0,3
1998,NBA,Central,CLE,IND,IND,0,3,0,3
1998,NBA,Central,CLE,MIL,MIL,1,2,0,3
1998,NBA,Central,CLE,TOR,TIE,2,2,0,4
1998,NBA,Central,DET,IND,DET,2,1,0,3
1998,NBA,Central,DET,MIL,DET,2,1,0,3
1998,NBA,Central,DET,TOR,DET,2,1,0,3
1998,NBA,Central,IND,MIL,IND,3,0,0,3
1998,NBA,Central,IND,TOR,IND,2,1,0,3
1998,NBA,Central,MIL,TOR,MIL,3,1,0,4
1998,NBA,Midwest,DAL,DEN,DAL,2,1,0,3
1998,NBA,Midwest,DAL,HOU,TIE,2,2,0,4
1998,NBA,Midwest,DAL,MIN,MIN,1,2,0,3
1998,NBA,Midwest,DAL,SAS,SAS,1,3,0,4
1998,NBA,Midwest,DAL,UTA,UTA,0,3,0,3
1998,NBA,Midwest,DAL,VAN,DAL,2,1,0,3
1998,NBA,Midwest,DEN,HOU,HOU,0,4,0,4
1998,NBA,Midwest,DEN,MIN,MIN,0,3,0,3
1998,NBA,Midwest,DEN,SAS,SAS,0,4,0,4
1998,NBA,Midwest,DEN,UTA,UTA,1,2,0,3
1998,NBA,Midwest,DEN,VAN,DEN,3,1,0,4
1998,NBA,Midwest,HOU,MIN,HOU,2,1,0,3
1998,NBA,Midwest,HOU,SAS,SAS,0,3,0,3
1998,NBA,Midwest,HOU,UTA,UTA,0,3,0,3
1998,NBA,Midwest,HOU,VAN,HOU,4,0,0,4
1998,NBA,Midwest,MIN,SAS,TIE,2,2,0,4
1998,NBA,Midwest,MIN,UTA,UTA,0,3,0,3
1998,NBA,Midwest,MIN,VAN,MIN,3,1,0,4
1998,NBA,Midwest,SAS,UTA,SAS,2,1,0,3
1998,NBA,Midwest,SAS,VAN,SAS,3,0,0,3
1998,NBA,Midwest,UTA,VAN,UTA,3,0,0,3
1998,NBA,Pacific,GSW,LAC,GSW,2,1,0,3
1998,NBA,Pacific,GSW,LAL,LAL,1,2,0,3
1998,NBA,Pacific,GSW,PHX,PHX,1,2,0,3
1998,NBA,Pacific,GSW,POR,TIE,2,2,0,4
1998,NBA,Pacific,GSW,SAC,SAC,1,2,0,3
1998,NBA,Pacific,GSW,SEA,SEA,1,2,0,3
1998,NBA,Pacific,LAC,LAL,LAL,0,4,0,4
1998,NBA,Pacific,LAC,PHX,PHX,0,3,0,3
1998,NBA,Pacific,LAC,POR,POR,1,2,0,3
1998,NBA,Pacific,LAC,SAC,SAC,1,2,0,3
1998,NBA,Pacific,LAC,SEA,SEA,0,3,0,3
1998,NBA,Pacific,LAL,PHX,LAL,3,1,0,4
1998,NBA,Pacific,LAL,POR,TIE,2,2,0,4
1998,NBA,Pacific,LAL,SAC,SAC,1,2,0,3
1998,NBA,Pacific,LAL,SEA,TIE,2,2,0,4
1998,NBA,Pacific,PHX,POR,POR,0,3,0,3
1998,NBA,Pacific,PHX,SAC,SAC,0,3,0,3
1998,NBA,Pacific,PHX,SEA,PHX,3,0,0,3
1998,NBA,Pacific,POR,SAC,POR,4,0,0,4
1998,NBA,Pacific,POR,SEA,TIE,2,2,0,4
1998,NBA,Pacific,SAC,SEA,TIE,2,2,0,4
1999,NBA,Atlantic,BOS,MIA,MIA,1,3,0,4
1999,NBA,Atlantic,BOS,NJN,BOS,3,1,0,4
1999,NBA,Atlantic,BOS,NYK,TIE,2,2,0,4
1999,NBA,Atlantic,BOS,ORL,TIE,2,2,0,4
1999,NBA,Atlantic,BOS,PHI,PHI,1,3,0,4
1999,NBA,Atlantic,BOS,WAS,BOS,3,1,0,4
1999,NBA,Atlantic,MIA,NJN,TIE,2,2,0,4
1999,NBA,Atlantic,MIA,NYK,MIA,3,1,0,4
1999,NBA,Atlantic,MIA,ORL,MIA,3,1,0,4
1999,NBA,Atlantic,MIA,PHI,MIA,3,1,0,4
1999,NBA,Atlantic,MIA,WAS,MIA,4,0,0,4
1999,NBA,Atlantic,NJN,NYK,NYK,1,3,0,4
1999,NBA,Atlantic,NJN,ORL,NJN,3,2,0,5
1999,NBA,Atlantic,NJN,PHI,PHI,1,3,0,4
1999,NBA,Atlantic,NJN,WAS,WAS,1,3,0,4
1999,NBA,Atlantic,NYK,ORL,NYK,3,1,0,4
1999,NBA,Atlantic,NYK,PHI,NYK,3,1,0,4
1999,NBA,Atlantic,NYK,WAS,TIE,2,2,0,4
1999,NBA,Atlantic,ORL,PHI,TIE,2,2,0,4
1999,NBA,Atlantic,ORL,WAS,ORL,4,0,0,4
1999,NBA,Atlantic,PHI,WAS,PHI,3,1,0,4
1999,NBA,Central,ATL,CHA,CHA,1,3,0,4
1999,NBA,Central,ATL,CHI,ATL,3,1,0,4
1999,NBA,Central,ATL,CLE,ATL,3,1,0,4
1999,NBA,Central,ATL,DET,DET,1,3,0,4
1999,NBA,Central,ATL,IND,IND,1,3,0,4
1999,NBA,Central,ATL,MIL,MIL,0,4,0,4
1999,NBA,Central,ATL,TOR,TIE,2,2,0,4
1999,NBA,Central,CHA,CHI,CHA,4,0,0,4
1999,NBA,Central,CHA,CLE,CHA,3,1,0,4
1999,NBA,Central,CHA,DET,TIE,2,2,0,4
1999,NBA,Central,CHA,IND,TIE,2,2,0,4
1999,NBA,Central,CHA,MIL,CHA,3,1,0,4
1999,NBA,Central,CHA,TOR,CHA,3,1,0,4
1999,NBA,Central,CHI,CLE,CLE,1,3,0,4
1999,NBA,Central,CHI,DET,DET,1,3,0,4
1999,NBA,Central,CHI,IND,IND,1,3,0,4
1999,NBA,Central,CHI,MIL,MIL,1,3,0,4
1999,NBA,Central,CHI,TOR,TOR,0,4,0,4
1999,NBA,Central,CLE,DET,TIE,2,2,0,4
1999,NBA,Central,CLE,IND,IND,0,4,0,4
1999,NBA,Central,CLE,MIL,MIL,1,3,0,4
1999,NBA,Central,CLE,TOR,TOR,0,4,0,4
1999,NBA,Central,DET,IND,IND,1,3,0,4
1999,NBA,Central,DET,MIL,DET,3,1,0,4
1999,NBA,Central,DET,TOR,TIE,2,2,0,4
1999,NBA,Central,IND,MIL,TIE,2,2,0,4
1999,NBA,Central,IND,TOR,IND,3,1,0,4
1999,NBA,Central,MIL,TOR,TIE,2,2,0,4
1999,NBA,Midwest,DAL,DEN,DAL,3,1,0,4
1999,NBA,Midwest,DAL,HOU,HOU,1,3,0,4
1999,NBA,Midwest,DAL,MIN,TIE,2,2,0,4
1999,NBA,Midwest,DAL,SAS,TIE,2,2,0,4
1999,NBA,Midwest,DAL,UTA,UTA,1,3,0,4
1999,NBA,Midwest,DAL,VAN,DAL,3,1,0,4
1999,NBA,Midwest,DEN,HOU,TIE,2,2,0,4
1999,NBA,Midwest,DEN,MIN,TIE,2,2,0,4
1999,NBA,Midwest,DEN,SAS,SAS,1,3,0,4
1999,NBA,Midwest,DEN,UTA,TIE,2,2,0,4
1999,NBA,Midwest,DEN,VAN,TIE,2,2,0,4
1999,NBA,Midwest,HOU,MIN,MIN,0,4,0,4
1999,NBA,Midwest,HOU,SAS,SAS,0,4,0,4
1999,NBA,Midwest,HOU,UTA,UTA,1,3,0,4
1999,NBA,Midwest,HOU,VAN,TIE,2,2,0,4
1999,NBA,Midwest,MIN,SAS,MIN,3,1,0,4
1999,NBA,Midwest,MIN,UTA,MIN,3,1,0,4
1999,NBA,Midwest,MIN,VAN,MIN,4,0,0,4
1999,NBA,Midwest,SAS,UTA,TIE,2,2,0,4
1999,NBA,Midwest,SAS,VAN,SAS,4,0,0,4
1999,NBA,Midwest,UTA,VAN,UTA,3,1,0,4
1999,NBA,Pacific,GSW,LAC,LAC,1,3,0,4
1999,NBA,Pacific,GSW,LAL,LAL,0,4,0,4
1999,NBA,Pacific,GSW,PHX,PHX,0,4,0,4
1999,NBA,Pacific,GSW,POR,POR,0,4,0,4
1999,NBA,Pacific,GSW,SAC,SAC,1,3,0,4
1999,NBA,Pacific,GSW,SEA,SEA,0,4,0,4
1999,NBA,Pacific,LAC,LAL,LAL,0,4,0,4
1999,NBA,Pacific,LAC,PHX,PHX,0,4,0,4
1999,NBA,Pacific,LAC,POR,POR,0,4,0,4
1999,NBA,Pacific,LAC,SAC,SAC,1,3,0,4
1999,NBA,Pacific,LAC,SEA,SEA,1,3,0,4
1999,NBA,Pacific,LAL,PHX,LAL,4,0,0,4
1999,NBA,Pacific,LAL,POR,TIE,2,2,0,4
1999,NBA,Pacific,LAL,SAC,LAL,3,1,0,4
1999,NBA,Pacific,LAL,SEA,LAL,3,1,0,4
1999,NBA,Pacific,PHX,POR,POR,1,3,0,4
1999,NBA,Pacific,PHX,SAC,PHX,4,0,0,4
1999,NBA,Pacific,PHX,SEA,TIE,2,2,0,4
1999,NBA,Pacific,POR,SAC,POR,4,0,0,4
1999,NBA,Pacific,POR,SEA,POR,4,0,0,4
1999,NBA,Pacific,SAC,SEA,TIE,2,2,0,4
2000,NBA,Atlantic,BOS,MIA,TIE,2,2,0,4
2000,NBA,Atlantic,BOS,NJN,BOS,4,0,0,4
2000,NBA,Atlantic,BOS,NYK,NYK,1,3,0,4
2000,NBA,Atlantic,BOS,ORL,ORL,1,3,0,4
2000,NBA,Atlantic,BOS,PHI,PHI,0,4,0,4
2000,NBA,Atlantic,BOS,WAS,BOS,3,1,0,4
2000,NBA,Atlantic,MIA,NJN,MIA,3,1,0,4
2000,NBA,Atlantic,MIA,NYK,NYK,2,3,0,5
2000,NBA,Atlantic,MIA,ORL,MIA,3,1,0,4
2000,NBA,Atlantic,MIA,PHI,PHI,1,3,0,4
2000,NBA,Atlantic,MIA,WAS,MIA,4,0,0,4
2000,NBA,Atlantic,NJN,NYK,TIE,2,2,0,4
2000,NBA,Atlantic,NJN,ORL,ORL,1,3,0,4
2000,NBA,Atlantic,NJN,PHI,PHI,1,3,0,4
2000,NBA,Atlantic,NJN,WAS,NJN,3,1,0,4
2000,NBA,Atlantic,NYK,ORL,NYK,3,1,0,4
2000,NBA,Atlantic,NYK,PHI,PHI,1,3,0,4
2000,NBA,Atlantic,NYK,WAS,NYK,4,0,0,4
2000,NBA,Atlantic,ORL,PHI,ORL,3,1,0,4
2000,NBA,Atlantic,ORL,WAS,ORL,3,1,0,4
2000,NBA,Atlantic,PHI,WAS,PHI,4,0,0,4
2000,NBA,Central,ATL,CHA,CHA,0,4,0,4
2000,NBA,Central,ATL,CHI,TIE,2,2,0,4
2000,NBA,Central,ATL,CLE,TIE,2,2,0,4
2000,NBA,Central,ATL,DET,DET,0,4,0,4
2000,NBA,Central,ATL,IND,TIE,2,2,0,4
2000,NBA,Central,ATL,MIL,MIL,1,3,0,4
2000,NBA,Central,ATL,TOR,TIE,2,2,0,4
2000,NBA,Central,CHA,CHI,CHA,3,1,0,4
2000,NBA,Central,CHA,CLE,TIE,2,2,0,4
2000,NBA,Central,CHA,DET,TIE,2,2,0,4
2000,NBA,Central,CHA,IND,CHA,3,1,0,4
2000,NBA,Central,CHA,MIL,CHA,3,1,0,4
2000,NBA,Central,CHA,TOR,CHA,3,1,0,4
2000,NBA,Central,CHI,CLE,CLE,1,3,0,4
2000,NBA,Central,CHI,DET,DET,0,4,0,4
2000,NBA,Central,CHI,IND,IND,0,4,0,4
2000,NBA,Central,CHI,MIL,MIL,0,4,0,4
2000,NBA,Central,CHI,TOR,TOR,0,4,0,4
2000,NBA,Central,CLE,DET,TIE,2,2,0,4
2000,NBA,Central,CLE,IND,IND,1,3,0,4
2000,NBA,Central,CLE,MIL,MIL,1,3,0,4
2000,NBA,Central,CLE,TOR,TOR,0,4,0,4
2000,NBA,Central,DET,IND,IND,1,3,0,4
2000,NBA,Central,DET,MIL,MIL,1,3,0,4
2000,NBA,Central,DET,TOR,TIE,2,2,0,4
2000,NBA,Central,IND,MIL,TIE,2,2,0,4
2000,NBA,Central,IND,TOR,TOR,0,4,0,4
2000,NBA,Central,MIL,TOR,MIL,3,1,0,4
2000,NBA,Midwest,DAL,DEN,DAL,3,1,0,4
2000,NBA,Midwest,DAL,HOU,TIE,2,2,0,4
2000,NBA,Midwest,DAL,MIN,DAL,3,1,0,4
2000,NBA,Midwest,DAL,SAS,SAS,1,3,0,4
2000,NBA,Midwest,DAL,UTA,TIE,2,2,0,4
2000,NBA,Midwest,DAL,VAN,DAL,3,1,0,4
2000,NBA,Midwest,DEN,HOU,DEN,3,1,0,4
2000,NBA,Midwest,DEN,MIN,TIE,2,2,0,4
2000,NBA,Midwest,DEN,SAS,TIE,2,2,0,4
2000,NBA,Midwest,DEN,UTA,UTA,1,3,0,4
2000,NBA,Midwest,DEN,VAN,DEN,4,0,0,4
2000,NBA,Midwest,HOU,MIN,TIE,2,2,0,4
2000,NBA,Midwest,HOU,SAS,SAS,1,3,0,4
2000,NBA,Midwest,HOU,UTA,UTA,1,3,0,4
2000,NBA,Midwest,HOU,VAN,HOU,4,0,0,4
2000,NBA,Midwest,MIN,SAS,SAS,1,3,0,4
2000,NBA,Midwest,MIN,UTA,TIE,2,2,0,4
2000,NBA,Midwest,MIN,VAN,MIN,3,1,0,4
2000,NBA,Midwest,SAS,UTA,SAS,4,0,0,4
2000,NBA,Midwest,SAS,VAN,SAS,4,0,0,4
2000,NBA,Midwest,UTA,VAN,UTA,4,0,0,4
2000,NBA,Pacific,GSW,LAC,LAC,1,3,0,4
2000,NBA,Pacific,GSW,LAL,LAL,1,3,0,4
2000,NBA,Pacific,GSW,PHX,TIE,2,2,0,4
2000,NBA,Pacific,GSW,POR,POR,0,4,0,4
2000,NBA,Pacific,GSW,SAC,SAC,0,4,0,4
2000,NBA,Pacific,GSW,SEA,SEA,0,4,0,4
2000,NBA,Pacific,LAC,LAL,LAL,1,3,0,4
2000,NBA,Pacific,LAC,PHX,TIE,2,2,0,4
2000,NBA,Pacific,LAC,POR,TIE,2,2,0,4
2000,NBA,Pacific,LAC,SAC,SAC,1,3,0,4
2000,NBA,Pacific,LAC,SEA,SEA,0,4,0,4
2000,NBA,Pacific,LAL,PHX,LAL,3,1,0,4
2000,NBA,Pacific,LAL,POR,TIE,2,2,0,4
2000,NBA,Pacific,LAL,SAC,LAL,3,1,0,4
2000,NBA,Pacific,LAL,SEA,SEA,0,4,0,4
2000,NBA,Pacific,PHX,POR,PHX,3,1,0,4
2000,NBA,Pacific,PHX,SAC,SAC,1,3,0,4
2000,NBA,Pacific,PHX,SEA,PHX,3,1,0,4
2000,NBA,Pacific,POR,SAC,SAC,1,3,0,4
2000,NBA,Pacific,POR,SEA,TIE,2,2,0,4
2000,NBA,Pacific,SAC,SEA,TIE,2,2,0,4
2001,NBA,Atlantic,BOS,MIA,BOS,3,1,0,4
2001,NBA,Atlantic,BOS,NJN,BOS,3,1,0,4
2001,NBA,Atlantic,BOS,NYK,BOS,4,0,0,4
2001,NBA,Atlantic,BOS,ORL,BOS,3,1,0,4
2001,NBA,Atlantic,BOS,PHI,PHI,1,3,0,4
2001,NBA,Atlantic,BOS,WAS,BOS,3,1,0,4
2001,NBA,Atlantic,MIA,NJN,NJN,1,3,0,4
2001,NBA,Atlantic,MIA,NYK,TIE,2,2,0,4
2001,NBA,Atlantic,MIA,ORL,MIA,3,1,0,4
2001,NBA,Atlantic,MIA,PHI,PHI,1,3,0,4
2001,NBA,Atlantic,MIA,WAS,TIE,2,2,0,4
2001,NBA,Atlantic,NJN,NYK,NJN,4,0,0,4
2001,NBA,Atlantic,NJN,ORL,NJN,3,1,0,4
2001,NBA,Atlantic,NJN,PHI,TIE,2,2,0,4
2001,NBA,Atlantic,NJN,WAS,NJN,3,1,0,4
2001,NBA,Atlantic,NYK,ORL,ORL,0,4,0,4
2001,NBA,Atlantic,NYK,PHI,PHI,1,3,0,4
2001,NBA,Atlantic,NYK,WAS,WAS,1,3,0,4
2001,NBA,Atlantic,ORL,PHI,ORL,3,1,0,4
2001,NBA,Atlantic,ORL,WAS,TIE,2,2,0,4
2001,NBA,Atlantic,PHI,WAS,WAS,2,3,0,5
2001,NBA,Central,ATL,CHA,TIE,2,2,0,4
2001,NBA,Central,ATL,CHI,ATL,3,1,0,4
2001,NBA,Central,ATL,CLE,ATL,3,1,0,4
2001,NBA,Central,ATL,DET,DET,1,3,0,4
2001,NBA,Central,ATL,IND,IND,1,3,0,4
2001,NBA,Central,ATL,MIL,MIL,1,3,0,4
2001,NBA,Central,ATL,TOR,TOR,0,4,0,4
2001,NBA,Central,CHA,CHI,CHA,4,0,0,4
2001,NBA,Central,CHA,CLE,CHA,3,1,0,4
2001,NBA,Central,CHA,DET,DET,1,3,0,4
2001,NBA,Central,CHA,IND,CHA,3,1,0,4
2001,NBA,Central,CHA,MIL,TIE,2,2,0,4
2001,NBA,Central,CHA,TOR,TIE,2,2,0,4
2001,NBA,Central,CHI,CLE,CLE,1,3,0,4
2001,NBA,Central,CHI,DET,DET,1,3,0,4
2001,NBA,Central,CHI,IND,IND,0,4,0,4
2001,NBA,Central,CHI,MIL,TIE,2,2,0,4
2001,NBA,Central,CHI,TOR,TOR,0,4,0,4
2001,NBA,Central,CLE,DET,DET,1,3,0,4
2001,NBA,Central,CLE,IND,TIE,2,2,0,4
2001,NBA,Central,CLE,MIL,CLE,3,1,0,4
2001,NBA,Central,CLE,TOR,TOR,1,3,0,4
2001,NBA,Central,DET,IND,DET,3,1,0,4
2001,NBA,Central,DET,MIL,TIE,2,2,0,4
2001,NBA,Central,DET,TOR,DET,3,1,0,4
2001,NBA,Central,IND,MIL,MIL,1,3,0,4
2001,NBA,Central,IND,TOR,TOR,1,3,0,4
2001,NBA,Central,MIL,TOR,MIL,4,0,0,4
2001,NBA,Midwest,DAL,DEN,DAL,4,0,0,4
2001,NBA,Midwest,DAL,HOU,TIE,2,2,0,4
2001,NBA,Midwest,DAL,MEM,DAL,4,0,0,4
2001,NBA,Midwest,DAL,MIN,TIE,2,2,0,4
2001,NBA,Midwest,DAL,SAS,SAS,1,3,0,4
2001,NBA,Midwest,DAL,UTA,DAL,3,1,0,4
2001,NBA,Midwest,DEN,HOU,TIE,2,2,0,4
2001,NBA,Midwest,DEN,MEM,DEN,3,1,0,4
2001,NBA,Midwest,DEN,MIN,TIE,2,2,0,4
2001,NBA,Midwest,DEN,SAS,SAS,0,4,0,4
2001,NBA,Midwest,DEN,UTA,UTA,1,3,0,4
2001,NBA,Midwest,HOU,MEM,MEM,1,3,0,4
2001,NBA,Midwest,HOU,MIN,TIE,2,2,0,4
2001,NBA,Midwest,HOU,SAS,SAS,0,4,0,4
2001,NBA,Midwest,HOU,UTA,TIE,2,2,0,4
2001,NBA,Midwest,MEM,MIN,MIN,0,4,0,4
2001,NBA,Midwest,MEM,SAS,SAS,0,4,0,4
2001,NBA,Midwest,MEM,UTA,MEM,3,1,0,4
2001,NBA,Midwest,MIN,SAS,TIE,2,2,0,4
2001,NBA,Midwest,MIN,UTA,MIN,3,1,0,4
2001,NBA,Midwest,SAS,UTA,SAS,4,0,0,4
2001,NBA,Pacific,GSW,LAC,TIE,2,2,0,4
2001,NBA,Pacific,GSW,LAL,LAL,1,3,0,4
2001,NBA,Pacific,GSW,PHX,PHX,0,4,0,4
2001,NBA,Pacific,GSW,POR,TIE,2,2,0,4
2001,NBA,Pacific,GSW,SAC,SAC,0,4,0,4
2001,NBA,Pacific,GSW,SEA,SEA,0,4,0,4
2001,NBA,Pacific,LAC,LAL,LAL,1,3,0,4
2001,NBA,Pacific,LAC,PHX,LAC,3,1,0,4
2001,NBA,Pacific,LAC,POR,POR,1,3,0,4
2001,NBA,Pacific,LAC,SAC,SAC,1,3,0,4
2001,NBA,Pacific,LAC,SEA,SEA,1,3,0,4
2001,NBA,Pacific,LAL,PHX,TIE,2,2,0,4
2001,NBA,Pacific,LAL,POR,TIE,2,2,0,4
2001,NBA,Pacific,LAL,SAC,LAL,3,1,0,4
2001,NBA,Pacific,LAL,SEA,LAL,3,1,0,4
2001,NBA,Pacific,PHX,POR,TIE,2,2,0,4
2001,NBA,Pacific,PHX,SAC,SAC,1,3,0,4
2001,NBA,Pacific,PHX,SEA,TIE,2,2,0,4
2001,NBA,Pacific,POR,SAC,TIE,2,2,0,4
2001,NBA,Pacific,POR,SEA,POR,3,1,0,4
2001,NBA,Pacific,SAC,SEA,TIE,2,2,0,4
2002,NBA,Atlantic,BOS,MIA,TIE,2,2,0,4
2002,NBA,Atlantic,BOS,NJN,NJN,1,3,0,4
2002,NBA,Atlantic,BOS,NYK,BOS,4,0,0,4
2002,NBA,Atlantic,BOS,ORL,BOS,3,2,0,5
2002,NBA,Atlantic,BOS,PHI,TIE,2,2,0,4
2002,NBA,Atlantic,BOS,WAS,WAS,1,3,0,4
2002,NBA,Atlantic,MIA,NJN,NJN,0,4,0,4
2002,NBA,Atlantic,MIA,NYK,TIE,2,2,0,4
2002,NBA,Atlantic,MIA,ORL,ORL,0,4,0,4
2002,NBA,Atlantic,MIA,PHI,PHI,0,4,0,4
2002,NBA,Atlantic,MIA,WAS,WAS,1,3,0,4
2002,NBA,Atlantic,NJN,NYK,NJN,3,1,0,4
2002,NBA,Atlantic,NJN,ORL,TIE,2,2,0,4
2002,NBA,Atlantic,NJN,PHI,PHI,1,3,0,4
2002,NBA,Atlantic,NJN,WAS,NJN,3,1,0,4
2002,NBA,Atlantic,NYK,ORL,TIE,2,2,0,4
2002,NBA,Atlantic,NYK,PHI,TIE,2,2,0,4
2002,NBA,Atlantic,NYK,WAS,TIE,2,2,0,4
2002,NBA,Atlantic,ORL,PHI,TIE,2,2,0,4
2002,NBA,Atlantic,ORL,WAS,TIE,2,2,0,4
2002,NBA,Atlantic,PHI,WAS,PHI,4,0,0,4
2002,NBA,Central,ATL,CHI,TIE,2,2,0,4
2002,NBA,Central,ATL,CLE,ATL,4,0,0,4
2002,NBA,Central,ATL,DET,DET,1,3,0,4
2002,NBA,Central,ATL,IND,TIE,2,2,0,4
2002,NBA,Central,ATL,MIL,TIE,2,2,0,4
2002,NBA,Central,ATL,NOH,TIE,2,2,0,4
2002,NBA,Central,ATL,TOR,TOR,1,3,0,4
2002,NBA,Central,CHI,CLE,CHI,3,1,0,4
2002,NBA,Central,CHI,DET,DET,0,4,0,4
2002,NBA,Central,CHI,IND,TIE,2,2,0,4
2002,NBA,Central,CHI,MIL,TIE,2,2,0,4
2002,NBA,Central,CHI,NOH,NOH,1,3,0,4
2002,NBA,Central,CHI,TOR,TIE,2,2,0,4
2002,NBA,Central,CLE,DET,DET,0,4,0,4
2002,NBA,Central,CLE,IND,IND,0,4,0,4
2002,NBA,Central,CLE,MIL,MIL,0,4,0,4
2002,NBA,Central,CLE,NOH,NOH,1,3,0,4
2002,NBA,Central,CLE,TOR,CLE,3,1,0,4
2002,NBA,Central,DET,IND,TIE,2,2,0,4
2002,NBA,Central,DET,MIL,MIL,1,3,0,4
2002,NBA,Central,DET,NOH,TIE,2,2,0,4
2002,NBA,Central,DET,TOR,DET,3,1,0,4
2002,NBA,Central,IND,MIL,IND,3,1,0,4
2002,NBA,Central,IND,NOH,IND,3,1,0,4
2002,NBA,Central,IND,TOR,IND,3,1,0,4
2002,NBA,Central,MIL,NOH,TIE,2,2,0,4
2002,NBA,Central,MIL,TOR,TIE,2,2,0,4
2002,NBA,Central,NOH,TOR,NOH,4,0,0,4
2002,NBA,Midwest,DAL,DEN,DAL,4,0,0,4
2002,NBA,Midwest,DAL,HOU,DAL,4,0,0,4
2002,NBA,Midwest,DAL,MEM,DAL,4,0,0,4
2002,NBA,Midwest,DAL,MIN,TIE,2,2,0,4
2002,NBA,Midwest,DAL,SAS,TIE,2,2,0,4
2002,NBA,Midwest,DAL,UTA,TIE,2,2,0,4
2002,NBA,Midwest,DEN,HOU,HOU,0,4,0,4
2002,NBA,Midwest,DEN,MEM,TIE,2,2,0,4
2002,NBA,Midwest,DEN,MIN,MIN,0,4,0,4
2002,NBA,Midwest,DEN,SAS,SAS,1,3,0,4
2002,NBA,Midwest,DEN,UTA,UTA,0,4,0,4
2002,NBA,Midwest,HOU,MEM,HOU,3,1,0,4
2002,NBA,Midwest,HOU,MIN,TIE,2,2,0,4
2002,NBA,Midwest,HOU,SAS,SAS,1,3,0,4
2002,NBA,Midwest,HOU,UTA,UTA,1,3,0,4
2002,NBA,Midwest,MEM,MIN,MIN,0,4,0,4
2002,NBA,Midwest,MEM,SAS,SAS,1,3,0,4
2002,NBA,Midwest,MEM,UTA,UTA,1,3,0,4
2002,NBA,Midwest,MIN,SAS,TIE,2,2,0,4
2002,NBA,Midwest,MIN,UTA,UTA,1,3,0,4
2002,NBA,Midwest,SAS,UTA,SAS,4,0,0,4
2002,NBA,Pacific,GSW,LAC,TIE,2,2,0,4
2002,NBA,Pacific,GSW,LAL,TIE,2,2,0,4
2002,NBA,Pacific,GSW,PHX,TIE,2,2,0,4
2002,NBA,Pacific,GSW,POR,POR,0,4,0,4
2002,NBA,Pacific,GSW,SAC,SAC,0,4,0,4
2002,NBA,Pacific,GSW,SEA,TIE,2,2,0,4
2002,NBA,Pacific,LAC,LAL,LAL,0,4,0,4
2002,NBA,Pacific,LAC,PHX,PHX,1,3,0,4
2002,NBA,Pacific,LAC,POR,POR,1,3,0,4
2002,NBA,Pacific,LAC,SAC,SAC,1,3,0,4
2002,NBA,Pacific,LAC,SEA,SEA,1,3,0,4
2002,NBA,Pacific,LAL,PHX,LAL,3,1,0,4
2002,NBA,Pacific,LAL,POR,TIE,2,2,0,4
2002,NBA,Pacific,LAL,SAC,TIE,2,2,0,4
2002,NBA,Pacific,LAL,SEA,TIE,2,2,0,4
2002,NBA,Pacific,PHX,POR,PHX,3,1,0,4
2002,NBA,Pacific,PHX,SAC,TIE,2,2,0,4
2002,NBA,Pacific,PHX,SEA,SEA,1,3,0,4
2002,NBA,Pacific,POR,SAC,SAC,1,3,0,4
2002,NBA,Pacific,POR,SEA,POR,4,0,0,4
2002,NBA,Pacific,SAC,SEA,SAC,3,1,0,4
2003,NBA,Atlantic,BOS,MIA,TIE,2,2,0,4
2003,NBA,Atlantic,BOS,NJN,TIE,2,2,0,4
2003,NBA,Atlantic,BOS,NYK,NYK,1,3,0,4
2003,NBA,Atlantic,BOS,ORL,BOS,3,1,0,4
2003,NBA,Atlantic,BOS,PHI,BOS,3,1,0,4
2003,NBA,Atlantic,BOS,WAS,BOS,3,1,0,4
2003,NBA,Atlantic,MIA,NJN,MIA,3,2,0,5
2003,NBA,Atlantic,MIA,NYK,NYK,1,3,0,4
2003,NBA,Atlantic,MIA,ORL,MIA,4,0,0,4
2003,NBA,Atlantic,MIA,PHI,PHI,1,3,0,4
2003,NBA,Atlantic,MIA,WAS,MIA,4,0,0,4
2003,NBA,Atlantic,NJN,NYK,NJN,3,1,0,4
2003,NBA,Atlantic,NJN,ORL,NJN,4,0,0,4
2003,NBA,Atlantic,NJN,PHI,NJN,3,1,0,4
2003,NBA,Atlantic,NJN,WAS,NJN,4,0,0,4
2003,NBA,Atlantic,NYK,ORL,NYK,3,1,0,4
2003,NBA,Atlantic,NYK,PHI,NYK,3,1,0,4
2003,NBA,Atlantic,NYK,WAS,NYK,4,0,0,4
2003,NBA,Atlantic,ORL,PHI,TIE,2,2,0,4
2003,NBA,Atlantic,ORL,WAS,ORL,4,0,0,4
2003,NBA,Atlantic,PHI,WAS,TIE,2,2,0,4
2003,NBA,Central,ATL,CHI,ATL,3,1,0,4
2003,NBA,Central,ATL,CLE,CLE,1,3,0,4
2003,NBA,Central,ATL,DET,DET,1,3,0,4
2003,NBA,Central,ATL,IND,IND,0,4,0,4
2003,NBA,Central,ATL,MIL,TIE,2,2,0,4
2003,NBA,Central,ATL,NOH,TIE,2,2,0,4
2003,NBA,Central,ATL,TOR,TOR,1,3,0,4
2003,NBA,Central,CHI,CLE,TIE,2,2,0,4
2003,NBA,Central,CHI,DET,DET,0,4,0,4
2003,NBA,Central,CHI,IND,IND,1,3,0,4
2003,NBA,Central,CHI,MIL,MIL,1,3,0,4
2003,NBA,Central,CHI,NOH,TIE,2,2,0,4
2003,NBA,Central,CHI,TOR,CHI,4,0,0,4
2003,NBA,Central,CLE,DET,TIE,2,2,0,4
2003,NBA,Central,CLE,IND,IND,1,3,0,4
2003,NBA,Central,CLE,MIL,TIE,2,2,0,4
2003,NBA,Central,CLE,NOH,CLE,3,1,0,4
2003,NBA,Central,CLE,TOR,TOR,1,3,0,4
2003,NBA,Central,DET,IND,IND,1,3,0,4
2003,NBA,Central,DET,MIL,DET,3,1,0,4
2003,NBA,Central,DET,NOH,NOH,1,3,0,4
2003,NBA,Central,DET,TOR,DET,3,1,0,4
2003,NBA,Central,IND,MIL,MIL,1,3,0,4
2003,NBA,Central,IND,NOH,TIE,2,2,0,4
2003,NBA,Central,IND,TOR,IND,4,0,0,4
2003,NBA,Central,MIL,NOH,NOH,1,3,0,4
2003,NBA,Central,MIL,TOR,MIL,3,1,0,4
2003,NBA,Central,NOH,TOR,TOR,1,3,0,4
2003,NBA,Midwest,DAL,DEN,TIE,2,2,0,4
2003,NBA,Midwest,DAL,HOU,DAL,3,1,0,4
2003,NBA,Midwest,DAL,MEM,TIE,2,2,0,4
2003,NBA,Midwest,DAL,MIN,TIE,2,2,0,4
2003,NBA,Midwest,DAL,SAS,DAL,3,1,0,4
2003,NBA,Midwest,DAL,UTA,TIE,2,2,0,4
2003,NBA,Midwest,DEN,HOU,TIE,2,2,0,4
2003,NBA,Midwest,DEN,MEM,TIE,2,2,0,4
2003,NBA,Midwest,DEN,MIN,MIN,1,3,0,4
2003,NBA,Midwest,DEN,SAS,SAS,1,3,0,4
2003,NBA,Midwest,DEN,UTA,DEN,3,1,0,4
2003,NBA,Midwest,HOU,MEM,MEM,1,3,0,4
2003,NBA,Midwest,HOU,MIN,TIE,2,2,0,4
2003,NBA,Midwest,HOU,SAS,SAS,0,4,0,4
2003,NBA,Midwest,HOU,UTA,TIE,2,2,0,4
2003,NBA,Midwest,MEM,MIN,MIN,1,3,0,4
2003,NBA,Midwest,MEM,SAS,MEM,3,1,0,4
2003,NBA,Midwest,MEM,UTA,UTA,1,3,0,4
2003,NBA,Midwest,MIN,SAS,TIE,2,2,0,4
2003,NBA,Midwest,MIN,UTA,TIE,2,2,0,4
2003,NBA,Midwest,SAS,UTA,SAS,4,0,0,4
2003,NBA,Pacific,GSW,LAC,TIE,2,2,0,4
2003,NBA,Pacific,GSW,LAL,LAL,1,3,0,4
2003,NBA,Pacific,GSW,PHX,TIE,2,2,0,4
2003,NBA,Pacific,GSW,POR,TIE,2,2,0,4
2003,NBA,Pacific,GSW,SAC,TIE,2,2,0,4
2003,NBA,Pacific,GSW,SEA,GSW,3,1,0,4
2003,NBA,Pacific,LAC,LAL,LAL,1,3,0,4
2003,NBA,Pacific,LAC,PHX,LAC,3,1,0,4
2003,NBA,Pacific,LAC,POR,TIE,2,2,0,4
2003,NBA,Pacific,LAC,SAC,SAC,0,4,0,4
2003,NBA,Pacific,LAC,SEA,SEA,0,4,0,4
2003,NBA,Pacific,LAL,PHX,LAL,3,1,0,4
2003,NBA,Pacific,LAL,POR,TIE,2,2,0,4
2003,NBA,Pacific,LAL,SAC,SAC,1,3,0,4
2003,NBA,Pacific,LAL,SEA,LAL,3,1,0,4
2003,NBA,Pacific,PHX,POR,TIE,2,2,0,4
2003,NBA,Pacific,PHX,SAC,SAC,1,3,0,4
2003,NBA,Pacific,PHX,SEA,TIE,2,2,0,4
2003,NBA,Pacific,POR,SAC,POR,3,1,0,4
2003,NBA,Pacific,POR,SEA,TIE,2,2,0,4
2003,NBA,Pacific,SAC,SEA,SAC,3,1,0,4
2004,NBA,Atlantic,BOS,NJN,NJN,1,3,0,4
2004,NBA,Atlantic,BOS,NYK,BOS,3,1,0,4
2004,NBA,Atlantic,BOS,PHI,PHI,1,3,0,4
2004,NBA,Atlantic,BOS,TOR,BOS,3,1,0,4
2004,NBA,Atlantic,NJN,NYK,NJN,3,1,0,4
2004,NBA,Atlantic,NJN,PHI,NJN,3,1,0,4
2004,NBA,Atlantic,NJN,TOR,TIE,2,2,0,4
2004,NBA,Atlantic,NYK,PHI,NYK,3,1,0,4
2004,NBA,Atlantic,NYK,TOR,TOR,1,3,0,4
2004,NBA,Atlantic,PHI,TOR,PHI,3,1,0,4
2004,NBA,Central,CHI,CLE,TIE,2,2,0,4
2004,NBA,Central,CHI,DET,TIE,2,2,0,4
2004,NBA,Central,CHI,IND,TIE,2,2,0,4
2004,NBA,Central,CHI,MIL,TIE,2,2,0,4
2004,NBA,Central,CLE,DET,TIE,2,2,0,4
2004,NBA,Central,CLE,IND,IND,1,3,0,4
2004,NBA,Central,CLE,MIL,TIE,2,2,0,4
2004,NBA,Central,DET,IND,TIE,2,2,0,4
2004,NBA,Central,DET,MIL,TIE,2,2,0,4
2004,NBA,Central,IND,MIL,TIE,2,2,0,4
2004,NBA,Northwest,DEN,MIN,TIE,2,2,0,4
2004,NBA,Northwest,DEN,POR,DEN,3,1,0,4
2004,NBA,Northwest,DEN,SEA,TIE,2,2,0,4
2004,NBA,Northwest,DEN,UTA,TIE,2,2,0,4
2004,NBA,Northwest,MIN,POR,MIN,4,0,0,4
2004,NBA,Northwest,MIN,SEA,SEA,1,3,0,4
2004,NBA,Northwest,MIN,UTA,MIN,3,1,0,4
2004,NBA,Northwest,POR,SEA,SEA,1,3,0,4
2004,NBA,Northwest,POR,UTA,TIE,2,2,0,4
2004,NBA,Northwest,SEA,UTA,SEA,3,1,0,4
2004,NBA,Pacific,GSW,LAC,LAC,0,4,0,4
2004,NBA,Pacific,GSW,LAL,LAL,1,3,0,4
2004,NBA,Pacific,GSW,PHX,TIE,2,2,0,4
2004,NBA,Pacific,GSW,SAC,GSW,3,1,0,4
2004,NBA,Pacific,LAC,LAL,TIE,2,2,0,4
2004,NBA,Pacific,LAC,PHX,PHX,0,4,0,4
2004,NBA,Pacific,LAC,SAC,SAC,0,4,0,4
2004,NBA,Pacific,LAL,PHX,PHX,0,4,0,4
2004,NBA,Pacific,LAL,SAC,SAC,1,3,0,4
2004,NBA,Pacific,PHX,SAC,TIE,2,2,0,4
2004,NBA,Southeast,ATL,CHA,CHA,1,3,0,4
2004,NBA,Southeast,ATL,MIA,MIA,0,4,0,4
2004,NBA,Southeast,ATL,ORL,ORL,1,3,0,4
2004,NBA,Southeast,ATL,WAS,WAS,0,4,0,4
2004,NBA,Southeast,CHA,MIA,MIA,1,3,0,4
2004,NBA,Southeast,CHA,ORL,CHA,3,1,0,4
2004,NBA,Southeast,CHA,WAS,WAS,0,4,0,4
2004,NBA,Southeast,MIA,ORL,MIA,4,0,0,4
2004,NBA,Southeast,MIA,WAS,MIA,4,0,0,4
2004,NBA,Southeast,ORL,WAS,TIE,2,2,0,4
2004,NBA,Southwest,DAL,HOU,TIE,2,2,0,4
2004,NBA,Southwest,DAL,MEM,DAL,4,0,0,4
2004,NBA,Southwest,DAL,NOH,DAL,4,0,0,4
2004,NBA,Southwest,DAL,SAS,SAS,1,3,0,4
2004,NBA,Southwest,HOU,MEM,HOU,3,1,0,4
2004,NBA,Southwest,HOU,NOH,HOU,3,1,0,4
2004,NBA,Southwest,HOU,SAS,TIE,2,2,0,4
2004,NBA,Southwest,MEM,NOH,MEM,3,1,0,4
2004,NBA,Southwest,MEM,SAS,MEM,3,1,0,4
2004,NBA,Southwest,NOH,SAS,SAS,0,4,0,4
2005,NBA,Atlantic,BOS,NJN,NJN,1,3,0,4
2005,NBA,Atlantic,BOS,NYK,BOS,3,1,0,4
2005,NBA,Atlantic,BOS,PHI,BOS,3,1,0,4
2005,NBA,Atlantic,BOS,TOR,BOS,3,1,0,4
2005,NBA,Atlantic,NJN,NYK,NJN,3,1,0,4
2005,NBA,Atlantic,NJN,PHI,PHI,1,3,0,4
2005,NBA,Atlantic,NJN,TOR,NJN,3,1,0,4
2005,NBA,Atlantic,NYK,PHI,PHI,1,3,0,4
2005,NBA,Atlantic,NYK,TOR,TOR,1,3,0,4
2005,NBA,Atlantic,PHI,TOR,PHI,3,1,0,4
2005,NBA,Central,CHI,CLE,CLE,0,4,0,4
2005,NBA,Central,CHI,DET,DET,0,4,0,4
2005,NBA,Central,CHI,IND,TIE,2,2,0,4
2005,NBA,Central,CHI,MIL,TIE,2,2,0,4
2005,NBA,Central,CLE,DET,DET,1,3,0,4
2005,NBA,Central,CLE,IND,CLE,3,1,0,4
2005,NBA,Central,CLE,MIL,CLE,3,1,0,4
2005,NBA,Central,DET,IND,DET,3,1,0,4
2005,NBA,Central,DET,MIL,DET,3,1,0,4
2005,NBA,Central,IND,MIL,TIE,2,2,0,4
2005,NBA,Northwest,DEN,MIN,DEN,3,1,0,4
2005,NBA,Northwest,DEN,POR,DEN,4,0,0,4
2005,NBA,Northwest,DEN,SEA,TIE,2,2,0,4
2005,NBA,Northwest,DEN,UTA,UTA,1,3,0,4
2005,NBA,Northwest,MIN,POR,TIE,2,2,0,4
2005,NBA,Northwest,MIN,SEA,TIE,2,2,0,4
2005,NBA,Northwest,MIN,UTA,UTA,1,3,0,4
2005,NBA,Northwest,POR,SEA,SEA,1,3,0,4
2005,NBA,Northwest,POR,UTA,UTA,0,4,0,4
2005,NBA,Northwest,SEA,UTA,SEA,3,1,0,4
2005,NBA,Pacific,GSW,LAC,LAC,1,3,0,4
2005,NBA,Pacific,GSW,LAL,LAL,0,4,0,4
2005,NBA,Pacific,GSW,PHX,PHX,1,3,0,4
2005,NBA,Pacific,GSW,SAC,TIE,2,2,0,4
2005,NBA,Pacific,LAC,LAL,TIE,2,2,0,4
2005,NBA,Pacific,LAC,PHX,TIE,2,2,0,4
2005,NBA,Pacific,LAC,SAC,SAC,0,4,0,4
2005,NBA,Pacific,LAL,PHX,PHX,1,3,0,4
2005,NBA,Pacific,LAL,SAC,TIE,2,2,0,4
2005,NBA,Pacific,PHX,SAC,TIE,2,2,0,4
2005,NBA,Southeast,ATL,CHA,CHA,1,3,0,4
2005,NBA,Southeast,ATL,MIA,MIA,1,3,0,4
2005,NBA,Southeast,ATL,ORL,TIE,2,2,0,4
2005,NBA,Southeast,ATL,WAS,WAS,1,3,0,4
2005,NBA,Southeast,CHA,MIA,MIA,0,4,0,4
2005,NBA,Southeast,CHA,ORL,ORL,1,3,0,4
2005,NBA,Southeast,CHA,WAS,WAS,1,3,0,4
2005,NBA,Southeast,MIA,ORL,TIE,2,2,0,4
2005,NBA,Southeast,MIA,WAS,MIA,4,0,0,4
2005,NBA,Southeast,ORL,WAS,TIE,2,2,0,4
2005,NBA,Southwest,DAL,HOU,DAL,4,0,0,4
2005,NBA,Southwest,DAL,MEM,DAL,3,1,0,4
2005,NBA,Southwest,DAL,NOK,DAL,4,0,0,4
2005,NBA,Southwest,DAL,SAS,TIE,2,2,0,4
2005,NBA,Southwest,HOU,MEM,MEM,0,4,0,4
2005,NBA,Southwest,HOU,NOK,NOK,1,3,0,4
2005,NBA,Southwest,HOU,SAS,SAS,0,4,0,4
2005,NBA,Southwest,MEM,NOK,NOK,1,3,0,4
2005,NBA,Southwest,MEM,SAS,SAS,0,4,0,4
2005,NBA,Southwest,NOK,SAS,SAS,1,3,0,4
2006,NBA,Atlantic,BOS,NJN,TIE,2,2,0,4
2006,NBA,Atlantic,BOS,NYK,BOS,3,1,0,4
2006,NBA,Atlantic,BOS,PHI,PHI,1,3,0,4
2006,NBA,Atlantic,BOS,TOR,TOR,1,3,0,4
2006,NBA,Atlantic,NJN,NYK,NJN,4,0,0,4
2006,NBA,Atlantic,NJN,PHI,TIE,2,2,0,4
2006,NBA,Atlantic,NJN,TOR,TIE,2,2,0,4
2006,NBA,Atlantic,NYK,PHI,PHI,1,3,0,4
2006,NBA,Atlantic,NYK,TOR,TOR,1,3,0,4
2006,NBA,Atlantic,PHI,TOR,TOR,1,3,0,4
2006,NBA,Central,CHI,CLE,TIE,2,2,0,4
2006,NBA,Central,CHI,DET,CHI,3,1,0,4
2006,NBA,Central,CHI,IND,CHI,3,1,0,4
2006,NBA,Central,CHI,MIL,CHI,4,0,0,4
2006,NBA,Central,CLE,DET,DET,1,3,0,4
2006,NBA,Central,CLE,IND,CLE,3,1,0,4
2006,NBA,Central,CLE,MIL,CLE,4,0,0,4
2006,NBA,Central,DET,IND,TIE,2,2,0,4
2006,NBA,Central,DET,MIL,DET,3,1,0,4
2006,NBA,Central,IND,MIL,IND,4,0,0,4
2006,NBA,Northwest,DEN,MIN,TIE,2,2,0,4
2006,NBA,Northwest,DEN,POR,DEN,3,1,0,4
2006,NBA,Northwest,DEN,SEA,DEN,3,1,0,4
2006,NBA,Northwest,DEN,UTA,UTA,1,3,0,4
2006,NBA,Northwest,MIN,POR,TIE,2,2,0,4
2006,NBA,Northwest,MIN,SEA,SEA,1,3,0,4
2006,NBA,Northwest,MIN,UTA,UTA,1,3,0,4
2006,NBA,Northwest,POR,SEA,TIE,2,2,0,4
2006,NBA,Northwest,POR,UTA,TIE,2,2,0,4
2006,NBA,Northwest,SEA,UTA,TIE,2,2,0,4
2006,NBA,Pacific,GSW,LAC,TIE,2,2,0,4
2006,NBA,Pacific,GSW,LAL,LAL,0,4,0,4
2006,NBA,Pacific,GSW,PHX,PHX,1,3,0,4
2006,NBA,Pacific,GSW,SAC,GSW,3,1,0,4
2006,NBA,Pacific,LAC,LAL,TIE,2,2,0,4
2006,NBA,Pacific,LAC,PHX,TIE,2,2,0,4
2006,NBA,Pacific,LAC,SAC,TIE,2,2,0,4
2006,NBA,Pacific,LAL,PHX,PHX,1,3,0,4
2006,NBA,Pacific,LAL,SAC,LAL,3,1,0,4
2006,NBA,Pacific,PHX,SAC,PHX,3,1,0,4
2006,NBA,Southeast,ATL,CHA,CHA,1,3,0,4
2006,NBA,Southeast,ATL,MIA,MIA,0,4,0,4
2006,NBA,Southeast,ATL,ORL,ATL,3,1,0,4
2006,NBA,Southeast,ATL,WAS,WAS,1,3,0,4
2006,NBA,Southeast,CHA,MIA,TIE,2,2,0,4
2006,NBA,Southeast,CHA,ORL,TIE,2,2,0,4
2006,NBA,Southeast,CHA,WAS,TIE,2,2,0,4
2006,NBA,Southeast,MIA,ORL,ORL,0,4,0,4
2006,NBA,Southeast,MIA,WAS,MIA,3,1,0,4
2006,NBA,Southeast,ORL,WAS,TIE,2,2,0,4
2006,NBA,Southwest,DAL,HOU,DAL,3,1,0,4
2006,NBA,Southwest,DAL,MEM,DAL,4,0,0,4
2006,NBA,Southwest,DAL,NOK,DAL,4,0,0,4
2006,NBA,Southwest,DAL,SAS,DAL,3,1,0,4
2006,NBA,Southwest,HOU,MEM,HOU,4,0,0,4
2006,NBA,Southwest,HOU,NOK,NOK,1,3,0,4
2006,NBA,Southwest,HOU,SAS,TIE,2,2,0,4
2006,NBA,Southwest,MEM,NOK,NOK,1,3,0,4
2006,NBA,Southwest,MEM,SAS,SAS,1,3,0,4
2006,NBA,Southwest,NOK,SAS,SAS,0,4,0,4
2007,NBA,Atlantic,BOS,NJN,BOS,4,0,0,4
2007,NBA,Atlantic,BOS,NYK,BOS,4,0,0,4
2007,NBA,Atlantic,BOS,PHI,BOS,3,1,0,4
2007,NBA,Atlantic,BOS,TOR,BOS,3,1,0,4
2007,NBA,Atlantic,NJN,NYK,NYK,1,3,0,4
2007,NBA,Atlantic,NJN,PHI,TIE,2,2,0,4
2007,NBA,Atlantic,NJN,TOR,TOR,1,3,0,4
2007,NBA,Atlantic,NYK,PHI,PHI,1,3,0,4
2007,NBA,Atlantic,NYK,TOR,TOR,1,3,0,4
2007,NBA,Atlantic,PHI,TOR,TOR,1,3,0,4
2007,NBA,Central,CHI,CLE,CHI,3,1,0,4
2007,NBA,Central,CHI,DET,CHI,3,1,0,4
2007,NBA,Central,CHI,IND,TIE,2,2,0,4
2007,NBA,Central,CHI,MIL,CHI,3,1,0,4
2007,NBA,Central,CLE,DET,DET,1,3,0,4
2007,NBA,Central,CLE,IND,CLE,4,0,0,4
2007,NBA,Central,CLE,MIL,MIL,1,3,0,4
2007,NBA,Central,DET,IND,DET,4,0,0,4
2007,NBA,Central,DET,MIL,DET,3,1,0,4
2007,NBA,Central,IND,MIL,IND,3,1,0,4
2007,NBA,Northwest,DEN,MIN,DEN,4,0,0,4
2007,NBA,Northwest,DEN,POR,TIE,2,2,0,4
2007,NBA,Northwest,DEN,SEA,DEN,3,1,0,4
2007,NBA,Northwest,DEN,UTA,UTA,1,3,0,4
2007,NBA,Northwest,MIN,POR,POR,0,4,0,4
2007,NBA,Northwest,MIN,SEA,SEA,1,3,0,4
2007,NBA,Northwest,MIN,UTA,TIE,2,2,0,4
2007,NBA,Northwest,POR,SEA,TIE,2,2,0,4
2007,NBA,Northwest,POR,UTA,POR,3,1,0,4
2007,NBA,Northwest,SEA,UTA,UTA,0,4,0,4
2007,NBA,Pacific,GSW,LAC,GSW,3,1,0,4
2007,NBA,Pacific,GSW,LAL,TIE,2,2,0,4
2007,NBA,Pacific,GSW,PHX,TIE,2,2,0,4
2007,NBA,Pacific,GSW,SAC,GSW,3,1,0,4
2007,NBA,Pacific,LAC,LAL,LAL,0,4,0,4
2007,NBA,Pacific,LAC,PHX,PHX,1,3,0,4
2007,NBA,Pacific,LAC,SAC,LAC,3,1,0,4
2007,NBA,Pacific,LAL,PHX,LAL,3,1,0,4
2007,NBA,Pacific,LAL,SAC,LAL,3,1,0,4
2007,NBA,Pacific,PHX,SAC,PHX,4,0,0,4
2007,NBA,Southeast,ATL,CHA,TIE,2,2,0,4
2007,NBA,Southeast,ATL,MIA,ATL,3,1,0,4
2007,NBA,Southeast,ATL,ORL,TIE,2,2,0,4
2007,NBA,Southeast,ATL,WAS,TIE,2,2,0,4
2007,NBA,Southeast,CHA,MIA,CHA,3,1,0,4
2007,NBA,Southeast,CHA,ORL,ORL,1,3,0,4
2007,NBA,Southeast,CHA,WAS,WAS,1,3,0,4
2007,NBA,Southeast,MIA,ORL,ORL,0,4,0,4
2007,NBA,Southeast,MIA,WAS,WAS,0,4,0,4
2007,NBA,Southeast,ORL,WAS,ORL,3,1,0,4
2007,NBA,Southwest,DAL,HOU,DAL,3,1,0,4
2007,NBA,Southwest,DAL,MEM,DAL,4,0,0,4
2007,NBA,Southwest,DAL,NOH,TIE,2,2,0,4
2007,NBA,Southwest,DAL,SAS,SAS,1,3,0,4
2007,NBA,Southwest,HOU,MEM,HOU,3,1,0,4
2007,NBA,Southwest,HOU,NOH,TIE,2,2,0,4
2007,NBA,Southwest,HOU,SAS,TIE,2,2,0,4
2007,NBA,Southwest,MEM,NOH,NOH,0,4,0,4
2007,NBA,Southwest,MEM,SAS,SAS,1,3,0,4
2007,NBA,Southwest,NOH,SAS,TIE,2,2,0,4
2008,NBA,Atlantic,BOS,NJN,BOS,4,0,0,4
2008,NBA,Atlantic,BOS,NYK,BOS,3,1,0,4
2008,NBA,Atlantic,BOS,PHI,BOS,4,0,0,4
2008,NBA,Atlantic,BOS,TOR,BOS,4,0,0,4
2008,NBA,Atlantic,NJN,NYK,TIE,2,2,0,4
2008,NBA,Atlantic,NJN,PHI,NJN,4,0,0,4
2008,NBA,Atlantic,NJN,TOR,TIE,2,2,0,4
2008,NBA,Atlantic,NYK,PHI,PHI,0,4,0,4
2008,NBA,Atlantic,NYK,TOR,TIE,2,2,0,4
2008,NBA,Atlantic,PHI,TOR,TIE,2,2,0,4
2008,NBA,Central,CHI,CLE,CLE,1,3,0,4
2008,NBA,Central,CHI,DET,CHI,3,1,0,4
2008,NBA,Central,CHI,IND,TIE,2,2,0,4
2008,NBA,Central,CHI,MIL,CHI,3,1,0,4
2008,NBA,Central,CLE,DET,CLE,3,1,0,4
2008,NBA,Central,CLE,IND,CLE,3,1,0,4
2008,NBA,Central,CLE,MIL,CLE,4,0,0,4
2008,NBA,Central,DET,IND,TIE,2,2,0,4
2008,NBA,Central,DET,MIL,DET,3,1,0,4
2008,NBA,Central,IND,MIL,TIE,2,2,0,4
2008,NBA,Northwest,DEN,MIN,DEN,4,0,0,4
2008,NBA,Northwest,DEN,OKC,DEN,4,0,0,4
2008,NBA,Northwest,DEN,POR,TIE,2,2,0,4
2008,NBA,Northwest,DEN,UTA,TIE,2,2,0,4
2008,NBA,Northwest,MIN,OKC,TIE,2,2,0,4
2008,NBA,Northwest,MIN,POR,POR,0,4,0,4
2008,NBA,Northwest,MIN,UTA,UTA,1,3,0,4
2008,NBA,Northwest,OKC,POR,POR,1,3,0,4
2008,NBA,Northwest,OKC,UTA,UTA,1,3,0,4
2008,NBA,Northwest,POR,UTA,TIE,2,2,0,4
2008,NBA,Pacific,GSW,LAC,GSW,3,1,0,4
2008,NBA,Pacific,GSW,LAL,LAL,0,4,0,4
2008,NBA,Pacific,GSW,PHX,PHX,1,3,0,4
2008,NBA,Pacific,GSW,SAC,TIE,2,2,0,4
2008,NBA,Pacific,LAC,LAL,LAL,0,4,0,4
2008,NBA,Pacific,LAC,PHX,PHX,0,4,0,4
2008,NBA,Pacific,LAC,SAC,SAC,1,3,0,4
2008,NBA,Pacific,LAL,PHX,LAL,3,1,0,4
2008,NBA,Pacific,LAL,SAC,LAL,3,1,0,4
2008,NBA,Pacific,PHX,SAC,PHX,3,1,0,4
2008,NBA,Southeast,ATL,CHA,ATL,3,1,0,4
2008,NBA,Southeast,ATL,MIA,ATL,3,1,0,4
2008,NBA,Southeast,ATL,ORL,ORL,1,3,0,4
2008,NBA,Southeast,ATL,WAS,ATL,4,0,0,4
2008,NBA,Southeast,CHA,MIA,MIA,1,3,0,4
2008,NBA,Southeast,CHA,ORL,ORL,0,4,0,4
2008,NBA,Southeast,CHA,WAS,CHA,3,1,0,4
2008,NBA,Southeast,MIA,ORL,ORL,1,3,0,4
2008,NBA,Southeast,MIA,WAS,MIA,4,0,0,4
2008,NBA,Southeast,ORL,WAS,ORL,4,0,0,4
2008,NBA,Southwest,DAL,HOU,TIE,2,2,0,4
2008,NBA,Southwest,DAL,MEM,TIE,2,2,0,4
2008,NBA,Southwest,DAL,NOH,NOH,1,3,0,4
2008,NBA,Southwest,DAL,SAS,TIE,2,2,0,4
2008,NBA,Southwest,HOU,MEM,TIE,2,2,0,4
2008,NBA,Southwest,HOU,NOH,HOU,3,1,0,4
2008,NBA,Southwest,HOU,SAS,TIE,2,2,0,4
2008,NBA,Southwest,MEM,NOH,NOH,1,3,0,4
2008,NBA,Southwest,MEM,SAS,SAS,0,4,0,4
2008,NBA,Southwest,NOH,SAS,TIE,2,2,0,4
2009,NBA,Atlantic,BOS,NJN,BOS,3,1,0,4
2009,NBA,Atlantic,BOS,NYK,BOS,3,1,0,4
2009,NBA,Atlantic,BOS,PHI,BOS,3,1,0,4
2009,NBA,Atlantic,BOS,TOR,BOS,4,0,0,4
2009,NBA,Atlantic,NJN,NYK,TIE,2,2,0,4
2009,NBA,Atlantic,NJN,PHI,PHI,0,4,0,4
2009,NBA,Atlantic,NJN,TOR,TOR,0,4,0,4
2009,NBA,Atlantic,NYK,PHI,NYK,3,1,0,4
2009,NBA,Atlantic,NYK,TOR,TOR,0,4,0,4
2009,NBA,Atlantic,PHI,TOR,TOR,1,3,0,4
2009,NBA,Central,CHI,CLE,TIE,2,2,0,4
2009,NBA,Central,CHI,DET,CHI,4,0,0,4
2009,NBA,Central,CHI,IND,CHI,3,1,0,4
2009,NBA,Central,CHI,MIL,MIL,1,3,0,4
2009,NBA,Central,CLE,DET,CLE,4,0,0,4
2009,NBA,Central,CLE,IND,CLE,3,1,0,4
2009,NBA,Central,CLE,MIL,CLE,3,1,0,4
2009,NBA,Central,DET,IND,IND,0,4,0,4
2009,NBA,Central,DET,MIL,TIE,2,2,0,4
2009,NBA,Central,IND,MIL,MIL,0,4,0,4
2009,NBA,Northwest,DEN,MIN,DEN,3,1,0,4
2009,NBA,Northwest,DEN,OKC,DEN,3,1,0,4
2009,NBA,Northwest,DEN,POR,DEN,3,1,0,4
2009,NBA,Northwest,DEN,UTA,DEN,3,1,0,4
2009,NBA,Northwest,MIN,OKC,OKC,0,4,0,4
2009,NBA,Northwest,MIN,POR,POR,0,4,0,4
2009,NBA,Northwest,MIN,UTA,TIE,2,2,0,4
2009,NBA,Northwest,OKC,POR,POR,1,3,0,4
2009,NBA,Northwest,OKC,UTA,OKC,3,1,0,4
2009,NBA,Northwest,POR,UTA,UTA,0,4,0,4
2009,NBA,Pacific,GSW,LAC,TIE,2,2,0,4
2009,NBA,Pacific,GSW,LAL,LAL,0,4,0,4
2009,NBA,Pacific,GSW,PHX,PHX,1,3,0,4
2009,NBA,Pacific,GSW,SAC,TIE,2,2,0,4
2009,NBA,Pacific,LAC,LAL,TIE,2,2,0,4
2009,NBA,Pacific,LAC,PHX,PHX,0,4,0,4
2009,NBA,Pacific,LAC,SAC,SAC,1,3,0,4
2009,NBA,Pacific,LAL,PHX,LAL,3,1,0,4
2009,NBA,Pacific,LAL,SAC,LAL,4,0,0,4
2009,NBA,Pacific,PHX,SAC,PHX,4,0,0,4
2009,NBA,Southeast,ATL,CHA,TIE,2,2,0,4
2009,NBA,Southeast,ATL,MIA,MIA,1,3,0,4
2009,NBA,Southeast,ATL,ORL,ORL,1,3,0,4
2009,NBA,Southeast,ATL,WAS,ATL,4,0,0,4
2009,NBA,Southeast,CHA,MIA,CHA,3,1,0,4
2009,NBA,Southeast,CHA,ORL,ORL,1,3,0,4
2009,NBA,Southeast,CHA,WAS,CHA,4,0,0,4
2009,NBA,Southeast,MIA,ORL,TIE,2,2,0,4
2009,NBA,Southeast,MIA,WAS,MIA,3,1,0,4
2009,NBA,Southeast,ORL,WAS,TIE,2,2,0,4
2009,NBA,Southwest,DAL,HOU,TIE,2,2,0,4
2009,NBA,Southwest,DAL,MEM,DAL,3,1,0,4
2009,NBA,Southwest,DAL,NOH,TIE,2,2,0,4
2009,NBA,Southwest,DAL,SAS,DAL,3,1,0,4
2009,NBA,Southwest,HOU,MEM,HOU,4,0,0,4
2009,NBA,Southwest,HOU,NOH,NOH,1,3,0,4
2009,NBA,Southwest,HOU,SAS,TIE,2,2,0,4
2009,NBA,Southwest,MEM,NOH,TIE,2,2,0,4
2009,NBA,Southwest,MEM,SAS,TIE,2,2,0,4
2009,NBA,Southwest,NOH,SAS,SAS,0,4,0,4
2010,NBA,Atlantic,BOS,NJN,BOS,3,1,0,4
2010,NBA,Atlantic,BOS,NYK,BOS,4,0,0,4
2010,NBA,Atlantic,BOS,PHI,BOS,3,1,0,4
2010,NBA,Atlantic,BOS,TOR,BOS,3,1,0,4
2010,NBA,Atlantic,NJN,NYK,NYK,0,4,0,4
2010,NBA,Atlantic,NJN,PHI,PHI,0,4,0,4
2010,NBA,Atlantic,NJN,TOR,TIE,2,2,0,4
2010,NBA,Atlantic,NYK,PHI,TIE,2,2,0,4
2010,NBA,Atlantic,NYK,TOR,NYK,4,0,0,4
2010,NBA,Atlantic,PHI,TOR,TIE,2,2,0,4
2010,NBA,Central,CHI,CLE,CHI,4,0,0,4
2010,NBA,Central,CHI,DET,CHI,4,0,0,4
2010,NBA,Central,CHI,IND,CHI,3,1,0,4
2010,NBA,Central,CHI,MIL,CHI,4,0,0,4
2010,NBA,Central,CLE,DET,TIE,2,2,0,4
2010,NBA,Central,CLE,IND,IND,0,4,0,4
2010,NBA,Central,CLE,MIL,MIL,1,3,0,4
2010,NBA,Central,DET,IND,TIE,2,2,0,4
2010,NBA,Central,DET,MIL,DET,3,1,0,4
2010,NBA,Central,IND,MIL,TIE,2,2,0,4
2010,NBA,Northwest,DEN,MIN,DEN,4,0,0,4
2010,NBA,Northwest,DEN,OKC,OKC,1,3,0,4
2010,NBA,Northwest,DEN,POR,TIE,2,2,0,4
2010,NBA,Northwest,DEN,UTA,TIE,2,2,0,4
2010,NBA,Northwest,MIN,OKC,OKC,0,4,0,4
2010,NBA,Northwest,MIN,POR,POR,0,4,0,4
2010,NBA,Northwest,MIN,UTA,UTA,1,3,0,4
2010,NBA,Northwest,OKC,POR,OKC,3,1,0,4
2010,NBA,Northwest,OKC,UTA,OKC,3,1,0,4
2010,NBA,Northwest,POR,UTA,POR,3,1,0,4
2010,NBA,Pacific,GSW,LAC,TIE,2,2,0,4
2010,NBA,Pacific,GSW,LAL,LAL,1,3,0,4
2010,NBA,Pacific,GSW,PHX,PHX,0,4,0,4
2010,NBA,Pacific,GSW,SAC,TIE,2,2,0,4
2010,NBA,Pacific,LAC,LAL,LAL,1,3,0,4
2010,NBA,Pacific,LAC,PHX,PHX,1,3,0,4
2010,NBA,Pacific,LAC,SAC,LAC,3,1,0,4
2010,NBA,Pacific,LAL,PHX,LAL,3,1,0,4
2010,NBA,Pacific,LAL,SAC,LAL,3,1,0,4
2010,NBA,Pacific,PHX,SAC,SAC,1,3,0,4
2010,NBA,Southeast,ATL,CHA,TIE,2,2,0,4
2010,NBA,Southeast,ATL,MIA,MIA,1,3,0,4
2010,NBA,Southeast,ATL,ORL,ATL,3,1,0,4
2010,NBA,Southeast,ATL,WAS,ATL,3,1,0,4
2010,NBA,Southeast,CHA,MIA,MIA,0,4,0,4
2010,NBA,Southeast,CHA,ORL,ORL,0,4,0,4
2010,NBA,Southeast,CHA,WAS,TIE,2,2,0,4
2010,NBA,Southeast,MIA,ORL,TIE,2,2,0,4
2010,NBA,Southeast,MIA,WAS,MIA,4,0,0,4
2010,NBA,Southeast,ORL,WAS,ORL,4,0,0,4
2010,NBA,Southwest,DAL,HOU,DAL,4,0,0,4
2010,NBA,Southwest,DAL,MEM,MEM,1,3,0,4
2010,NBA,Southwest,DAL,NOH,TIE,2,2,0,4
2010,NBA,Southwest,DAL,SAS,SAS,1,3,0,4
2010,NBA,Southwest,HOU,MEM,HOU,3,1,0,4
2010,NBA,Southwest,HOU,NOH,NOH,1,3,0,4
2010,NBA,Southwest,HOU,SAS,SAS,1,3,0,4
2010,NBA,Southwest,MEM,NOH,TIE,2,2,0,4
2010,NBA,Southwest,MEM,SAS,TIE,2,2,0,4
2010,NBA,Southwest,NOH,SAS,TIE,2,2,0,4
2011,NBA,Atlantic,BOS,NJN,BOS,3,0,0,3
2011,NBA,Atlantic,BOS,NYK,TIE,2,2,0,4
2011,NBA,Atlantic,BOS,PHI,PHI,1,2,0,3
2011,NBA,Atlantic,BOS,TOR,TIE,2,2,0,4
2011,NBA,Atlantic,NJN,NYK,NYK,1,2,0,3
2011,NBA,Atlantic,NJN,PHI,TIE,2,2,0,4
2011,NBA,Atlantic,NJN,TOR,TIE,2,2,0,4
2011,NBA,Atlantic,NYK,PHI,NYK,2,1,0,3
2011,NBA,Atlantic,NYK,TOR,TIE,2,2,0,4
2011,NBA,Atlantic,PHI,TOR,PHI,2,1,0,3
2011,NBA,Central,CHI,CLE,CHI,3,0,0,3
2011,NBA,Central,CHI,DET,CHI,4,0,0,4
2011,NBA,Central,CHI,IND,CHI,2,1,0,3
2011,NBA,Central,CHI,MIL,CHI,4,0,0,4
2011,NBA,Central,CLE,DET,TIE,2,2,0,4
2011,NBA,Central,CLE,IND,IND,1,3,0,4
2011,NBA,Central,CLE,MIL,MIL,0,4,0,4
2011,NBA,Central,DET,IND,IND,1,2,0,3
2011,NBA,Central,DET,MIL,MIL,1,3,0,4
2011,NBA,Central,IND,MIL,IND,3,0,0,3
2011,NBA,Northwest,DEN,MIN,DEN,3,1,0,4
2011,NBA,Northwest,DEN,OKC,OKC,1,2,0,3
2011,NBA,Northwest,DEN,POR,POR,1,2,0,3
2011,NBA,Northwest,DEN,UTA,UTA,1,2,0,3
2011,NBA,Northwest,MIN,OKC,OKC,0,3,0,3
2011,NBA,Northwest,MIN,POR,MIN,2,1,0,3
2011,NBA,Northwest,MIN,UTA,UTA,1,2,0,3
2011,NBA,Northwest,OKC,POR,OKC,3,1,0,4
2011,NBA,Northwest,OKC,UTA,OKC,2,1,0,3
2011,NBA,Northwest,POR,UTA,UTA,0,4,0,4
2011,NBA,Pacific,GSW,LAC,TIE,2,2,0,4
2011,NBA,Pacific,GSW,LAL,LAL,0,4,0,4
2011,NBA,Pacific,GSW,PHX,GSW,2,1,0,3
2011,NBA,Pacific,GSW,SAC,GSW,3,1,0,4
2011,NBA,Pacific,LAC,LAL,LAL,1,2,0,3
2011,NBA,Pacific,LAC,PHX,PHX,1,3,0,4
2011,NBA,Pacific,LAC,SAC,LAC,3,0,0,3
2011,NBA,Pacific,LAL,PHX,TIE,2,2,0,4
2011,NBA,Pacific,LAL,SAC,SAC,1,2,0,3
2011,NBA,Pacific,PHX,SAC,PHX,3,0,0,3
2011,NBA,Southeast,ATL,CHA,ATL,4,0,0,4
2011,NBA,Southeast,ATL,MIA,MIA,1,3,0,4
2011,NBA,Southeast,ATL,ORL,ATL,3,0,0,3
2011,NBA,Southeast,ATL,WAS,ATL,3,0,0,3
2011,NBA,Southeast,CHA,MIA,MIA,0,3,0,3
2011,NBA,Southeast,CHA,ORL,ORL,1,3,0,4
2011,NBA,Southeast,CHA,WAS,WAS,0,4,0,4
2011,NBA,Southeast,MIA,ORL,TIE,2,2,0,4
2011,NBA,Southeast,MIA,WAS,WAS,1,2,0,3
2011,NBA,Southeast,ORL,WAS,ORL,3,1,0,4
2011,NBA,Southwest,DAL,HOU,DAL,3,0,0,3
2011,NBA,Southwest,DAL,MEM,MEM,1,2,0,3
2011,NBA,Southwest,DAL,NOH,DAL,2,1,0,3
2011,NBA,Southwest,DAL,SAS,TIE,2,2,0,4
2011,NBA,Southwest,HOU,MEM,TIE,2,2,0,4
2011,NBA,Southwest,HOU,NOH,HOU,2,1,0,3
2011,NBA,Southwest,HOU,SAS,TIE,2,2,0,4
2011,NBA,Southwest,MEM,NOH,MEM,3,1,0,4
2011,NBA,Southwest,MEM,SAS,SAS,0,4,0,4
2011,NBA,Southwest,NOH,SAS,SAS,0,4,0,4
2012,NBA,Atlantic,BKN,BOS,BKN,3,1,0,4
2012,NBA,Atlantic,BKN,NYK,TIE,2,2,0,4
2012,NBA,Atlantic,BKN,PHI,BKN,3,1,0,4
2012,NBA,Atlantic,BKN,TOR,BKN,3,1,0,4
2012,NBA,Atlantic,BOS,NYK,NYK,1,3,0,4
2012,NBA,Atlantic,BOS,PHI,TIE,2,2,0,4
2012,NBA,Atlantic,BOS,TOR,BOS,3,1,0,4
2012,NBA,Atlantic,NYK,PHI,NYK,3,1,0,4
2012,NBA,Atlantic,NYK,TOR,TIE,2,2,0,4
2012,NBA,Atlantic,PHI,TOR,PHI,3,1,0,4
2012,NBA,Central,CHI,CLE,CHI,3,1,0,4
2012,NBA,Central,CHI,DET,CHI,3,1,0,4
2012,NBA,Central,CHI,IND,IND,1,3,0,4
2012,NBA,Central,CHI,MIL,TIE,2,2,0,4
2012,NBA,Central,CLE,DET,DET,0,4,0,4
2012,NBA,Central,CLE,IND,IND,0,4,0,4
2012,NBA,Central,CLE,MIL,TIE,2,2,0,4
2012,NBA,Central,DET,IND,IND,0,4,0,4
2012,NBA,Central,DET,MIL,DET,3,1,0,4
2012,NBA,Central,IND,MIL,TIE,2,2,0,4
2012,NBA,Northwest,DEN,MIN,TIE,2,2,0,4
2012,NBA,Northwest,DEN,OKC,DEN,3,1,0,4
2012,NBA,Northwest,DEN,POR,DEN,3,1,0,4
2012,NBA,Northwest,DEN,UTA,DEN,3,1,0,4
2012,NBA,Northwest,MIN,OKC,TIE,2,2,0,4
2012,NBA,Northwest,MIN,POR,POR,0,4,0,4
2012,NBA,Northwest,MIN,UTA,UTA,0,4,0,4
2012,NBA,Northwest,OKC,POR,OKC,4,0,0,4
2012,NBA,Northwest,OKC,UTA,OKC,3,1,0,4
2012,NBA,Northwest,POR,UTA,UTA,1,3,0,4
2012,NBA,Pacific,GSW,LAC,GSW,3,1,0,4
2012,NBA,Pacific,GSW,LAL,LAL,1,3,0,4
2012,NBA,Pacific,GSW,PHX,GSW,4,0,0,4
2012,NBA,Pacific,GSW,SAC,SAC,1,3,0,4
2012,NBA,Pacific,LAC,LAL,LAC,4,0,0,4
2012,NBA,Pacific,LAC,PHX,LAC,3,1,0,4
2012,NBA,Pacific,LAC,SAC,LAC,3,1,0,4
2012,NBA,Pacific,LAL,PHX,TIE,2,2,0,4
2012,NBA,Pacific,LAL,SAC,LAL,3,1,0,4
2012,NBA,Pacific,PHX,SAC,TIE,2,2,0,4
2012,NBA,Southeast,ATL,CHA,ATL,4,0,0,4
2012,NBA,Southeast,ATL,MIA,MIA,0,4,0,4
2012,NBA,Southeast,ATL,ORL,ATL,4,0,0,4
2012,NBA,Southeast,ATL,WAS,ATL,3,1,0,4
2012,NBA,Southeast,CHA,MIA,MIA,0,4,0,4
2012,NBA,Southeast,CHA,ORL,CHA,3,1,0,4
2012,NBA,Southeast,CHA,WAS,CHA,3,1,0,4
2012,NBA,Southeast,MIA,ORL,MIA,4,0,0,4
2012,NBA,Southeast,MIA,WAS,MIA,3,1,0,4
2012,NBA,Southeast,ORL,WAS,TIE,2,2,0,4
2012,NBA,Southwest,DAL,HOU,DAL,3,1,0,4
2012,NBA,Southwest,DAL,MEM,MEM,1,3,0,4
2012,NBA,Southwest,DAL,NOH,DAL,3,1,0,4
2012,NBA,Southwest,DAL,SAS,SAS,0,4,0,4
2012,NBA,Southwest,HOU,MEM,MEM,1,3,0,4
2012,NBA,Southwest,HOU,NOH,HOU,3,1,0,4
2012,NBA,Southwest,HOU,SAS,SAS,1,3,0,4
2012,NBA,Southwest,MEM,NOH,TIE,2,2,0,4
2012,NBA,Southwest,MEM,SAS,TIE,2,2,0,4
2012,NBA,Southwest,NOH,SAS,SAS,1,3,0,4
2013,NBA,Atlantic,BKN,BOS,BKN,3,1,0,4
2013,NBA,Atlantic,BKN,NYK,NYK,1,3,0,4
2013,NBA,Atlantic,BKN,PHI,BKN,3,1,0,4
2013,NBA,Atlantic,BKN,TOR,TIE,2,2,0,4
2013,NBA,Atlantic,BOS,NYK,TIE,2,2,0,4
2013,NBA,Atlantic,BOS,PHI,PHI,1,3,0,4
2013,NBA,Atlantic,BOS,TOR,TOR,1,3,0,4
2013,NBA,Atlantic,NYK,PHI,NYK,3,1,0,4
2013,NBA,Atlantic,NYK,TOR,TIE,2,2,0,4
2013,NBA,Atlantic,PHI,TOR,TOR,0,4,0,4
2013,NBA,Central,CHI,CLE,CHI,3,1,0,4
2013,NBA,Central,CHI,DET,CHI,3,1,0,4
2013,NBA,Central,CHI,IND,TIE,2,2,0,4
2013,NBA,Central,CHI,MIL,CHI,3,1,0,4
2013,NBA,Central,CLE,DET,CLE,3,1,0,4
2013,NBA,Central,CLE,IND,IND,1,3,0,4
2013,NBA,Central,CLE,MIL,TIE,2,2,0,4
2013,NBA,Central,DET,IND,IND,1,3,0,4
2013,NBA,Central,DET,MIL,DET,3,1,0,4
2013,NBA,Central,IND,MIL,IND,4,0,0,4
2013,NBA,Northwest,DEN,MIN,TIE,2,2,0,4
2013,NBA,Northwest,DEN,OKC,OKC,1,3,0,4
2013,NBA,Northwest,DEN,POR,POR,0,4,0,4
2013,NBA,Northwest,DEN,UTA,TIE,2,2,0,4
2013,NBA,Northwest,MIN,OKC,OKC,1,3,0,4
2013,NBA,Northwest,MIN,POR,POR,1,3,0,4
2013,NBA,Northwest,MIN,UTA,MIN,3,1,0,4
2013,NBA,Northwest,OKC,POR,TIE,2,2,0,4
2013,NBA,Northwest,OKC,UTA,OKC,3,1,0,4
2013,NBA,Northwest,POR,UTA,POR,4,0,0,4
2013,NBA,Pacific,GSW,LAC,TIE,2,2,0,4
2013,NBA,Pacific,GSW,LAL,GSW,3,1,0,4
2013,NBA,Pacific,GSW,PHX,TIE,2,2,0,4
2013,NBA,Pacific,GSW,SAC,GSW,4,0,0,4
2013,NBA,Pacific,LAC,LAL,LAC,3,1,0,4
2013,NBA,Pacific,LAC,PHX,LAC,3,1,0,4
2013,NBA,Pacific,LAC,SAC,LAC,4,0,0,4
2013,NBA,Pacific,LAL,PHX,PHX,1,3,0,4
2013,NBA,Pacific,LAL,SAC,LAL,3,1,0,4
2013,NBA,Pacific,PHX,SAC,TIE,2,2,0,4
2013,NBA,Southeast,ATL,CHA,ATL,3,1,0,4
2013,NBA,Southeast,ATL,MIA,TIE,2,2,0,4
2013,NBA,Southeast,ATL,ORL,TIE,2,2,0,4
2013,NBA,Southeast,ATL,WAS,WAS,1,3,0,4
2013,NBA,Southeast,CHA,MIA,MIA,0,4,0,4
2013,NBA,Southeast,CHA,ORL,TIE,2,2,0,4
2013,NBA,Southeast,CHA,WAS,CHA,3,1,0,4
2013,NBA,Southeast,MIA,ORL,MIA,4,0,0,4
2013,NBA,Southeast,MIA,WAS,TIE,2,2,0,4
2013,NBA,Southeast,ORL,WAS,WAS,0,4,0,4
2013,NBA,Southwest,DAL,HOU,TIE,2,2,0,4
2013,NBA,Southwest,DAL,MEM,DAL,3,1,0,4
2013,NBA,Southwest,DAL,NOP,DAL,4,0,0,4
2013,NBA,Southwest,DAL,SAS,SAS,0,4,0,4
2013,NBA,Southwest,HOU,MEM,TIE,2,2,0,4
2013,NBA,Southwest,HOU,NOP,HOU,3,1,0,4
2013,NBA,Southwest,HOU,SAS,HOU,4,0,0,4
2013,NBA,Southwest,MEM,NOP,NOP,1,3,0,4
2013,NBA,Southwest,MEM,SAS,SAS,0,4,0,4
2013,NBA,Southwest,NOP,SAS,SAS,0,4,0,4
2014,NBA,Atlantic,BKN,BOS,BOS,1,3,0,4
2014,NBA,Atlantic,BKN,NYK,BKN,4,0,0,4
2014,NBA,Atlantic,BKN,PHI,BKN,3,1,0,4
2014,NBA,Atlantic,BKN,TOR,TIE,2,2,0,4
2014,NBA,Atlantic,BOS,NYK,BOS,3,1,0,4
2014,NBA,Atlantic,BOS,PHI,BOS,4,0,0,4
2014,NBA,Atlantic,BOS,TOR,TIE,2,2,0,4
2014,NBA,Atlantic,NYK,PHI,NYK,3,1,0,4
2014,NBA,Atlantic,NYK,TOR,TOR,1,3,0,4
2014,NBA,Atlantic,PHI,TOR,TOR,0,4,0,4
2014,NBA,Central,CHI,CLE,CLE,1,3,0,4
2014,NBA,Central,CHI,DET,TIE,2,2,0,4
2014,NBA,Central,CHI,IND,TIE,2,2,0,4
2014,NBA,Central,CHI,MIL,CHI,3,1,0,4
2014,NBA,Central,CLE,DET,CLE,3,1,0,4
2014,NBA,Central,CLE,IND,TIE,2,2,0,4
2014,NBA,Central,CLE,MIL,CLE,3,1,0,4
2014,NBA,Central,DET,IND,TIE,2,2,0,4
2014,NBA,Central,DET,MIL,MIL,1,3,0,4
2014,NBA,Central,IND,MIL,TIE,2,2,0,4
2014,NBA,Northwest,DEN,MIN,DEN,3,1,0,4
2014,NBA,Northwest,DEN,OKC,OKC,1,3,0,4
2014,NBA,Northwest,DEN,POR,POR,0,4,0,4
2014,NBA,Northwest,DEN,UTA,TIE,2,2,0,4
2014,NBA,Northwest,MIN,OKC,OKC,0,4,0,4
2014,NBA,Northwest,MIN,POR,TIE,2,2,0,4
2014,NBA,Northwest,MIN,UTA,UTA,1,3,0,4
2014,NBA,Northwest,OKC,POR,POR,1,3,0,4
2014,NBA,Northwest,OKC,UTA,TIE,2,2,0,4
2014,NBA,Northwest,POR,UTA,TIE,2,2,0,4
2014,NBA,Pacific,GSW,LAC,GSW,3,1,0,4
2014,NBA,Pacific,GSW,LAL,GSW,3,1,0,4
2014,NBA,Pacific,GSW,PHX,GSW,3,1,0,4
2014,NBA,Pacific,GSW,SAC,GSW,4,0,0,4
2014,NBA,Pacific,LAC,LAL,LAC,4,0,0,4
2014,NBA,Pacific,LAC,PHX,LAC,4,0,0,4
2014,NBA,Pacific,LAC,SAC,LAC,3,1,0,4
2014,NBA,Pacific,LAL,PHX,PHX,0,4,0,4
2014,NBA,Pacific,LAL,SAC,SAC,1,3,0,4
2014,NBA,Pacific,PHX,SAC,SAC,1,3,0,4
2014,NBA,Southeast,ATL,CHA,TIE,2,2,0,4
2014,NBA,Southeast,ATL,MIA,ATL,4,0,0,4
2014,NBA,Southeast,ATL,ORL,ATL,3,1,0,4
2014,NBA,Southeast,ATL,WAS,ATL,3,1,0,4
2014,NBA,Southeast,CHA,MIA,TIE,2,2,0,4
2014,NBA,Southeast,CHA,ORL,TIE,2,2,0,4
2014,NBA,Southeast,CHA,WAS,TIE,2,2,0,4
2014,NBA,Southeast,MIA,ORL,MIA,3,1,0,4
2014,NBA,Southeast,MIA,WAS,WAS,1,3,0,4
2014,NBA,Southeast,ORL,WAS,WAS,0,4,0,4
2014,NBA,Southwest,DAL,HOU,HOU,1,3,0,4
2014,NBA,Southwest,DAL,MEM,MEM,1,3,0,4
2014,NBA,Southwest,DAL,NOP,DAL,3,1,0,4
2014,NBA,Southwest,DAL,SAS,TIE,2,2,0,4
2014,NBA,Southwest,HOU,MEM,TIE,2,2,0,4
2014,NBA,Southwest,HOU,NOP,TIE,2,2,0,4
2014,NBA,Southwest,HOU,SAS,SAS,1,3,0,4
2014,NBA,Southwest,MEM,NOP,TIE,2,2,0,4
2014,NBA,Southwest,MEM,SAS,TIE,2,2,0,4
2014,NBA,Southwest,NOP,SAS,NOP,3,1,0,4
2015,NBA,Atlantic,BKN,BOS,TIE,2,2,0,4
2015,NBA,Atlantic,BKN,NYK,TIE,2,2,0,4
2015,NBA,Atlantic,BKN,PHI,TIE,2,2,0,4
2015,NBA,Atlantic,BKN,TOR,TOR,0,4,0,4
2015,NBA,Atlantic,BOS,NYK,BOS,3,1,0,4
2015,NBA,Atlantic,BOS,PHI,BOS,4,0,0,4
2015,NBA,Atlantic,BOS,TOR,TOR,1,3,0,4
2015,NBA,Atlantic,NYK,PHI,NYK,4,0,0,4
2015,NBA,Atlantic,NYK,TOR,TOR,1,3,0,4
2015,NBA,Atlantic,PHI,TOR,TOR,0,4,0,4
2015,NBA,Central,CHI,CLE,CHI,3,1,0,4
2015,NBA,Central,CHI,DET,DET,1,3,0,4
2015,NBA,Central,CHI,IND,CHI,3,1,0,4
2015,NBA,Central,CHI,MIL,CHI,3,1,0,4
2015,NBA,Central,CLE,DET,DET,1,3,0,4
2015,NBA,Central,CLE,IND,CLE,3,1,0,4
2015,NBA,Central,CLE,MIL,CLE,3,1,0,4
2015,NBA,Central,DET,IND,IND,1,3,0,4
2015,NBA,Central,DET,MIL,DET,3,1,0,4
2015,NBA,Central,IND,MIL,IND,3,1,0,4
2015,NBA,Northwest,DEN,MIN,DEN,3,1,0,4
2015,NBA,Northwest,DEN,OKC,OKC,0,4,0,4
2015,NBA,Northwest,DEN,POR,POR,1,3,0,4
2015,NBA,Northwest,DEN,UTA,UTA,0,4,0,4
2015,NBA,Northwest,MIN,OKC,OKC,1,3,0,4
2015,NBA,Northwest,MIN,POR,POR,1,3,0,4
2015,NBA,Northwest,MIN,UTA,UTA,1,3,0,4
2015,NBA,Northwest,OKC,POR,TIE,2,2,0,4
2015,NBA,Northwest,OKC,UTA,OKC,4,0,0,4
2015,NBA,Northwest,POR,UTA,POR,3,1,0,4
2015,NBA,Pacific,GSW,LAC,GSW,4,0,0,4
2015,NBA,Pacific,GSW,LAL,GSW,3,1,0,4
2015,NBA,Pacific,GSW,PHX,GSW,4,0,0,4
2015,NBA,Pacific,GSW,SAC,GSW,4,0,0,4
2015,NBA,Pacific,LAC,LAL,LAC,4,0,0,4
2015,NBA,Pacific,LAC,PHX,TIE,2,2,0,4
2015,NBA,Pacific,LAC,SAC,LAC,3,1,0,4
2015,NBA,Pacific,LAL,PHX,PHX,1,3,0,4
2015,NBA,Pacific,LAL,SAC,SAC,0,4,0,4
2015,NBA,Pacific,PHX,SAC,SAC,1,3,0,4
2015,NBA,Southeast,ATL,CHA,ATL,3,1,0,4
2015,NBA,Southeast,ATL,MIA,MIA,1,3,0,4
2015,NBA,Southeast,ATL,ORL,TIE,2,2,0,4
2015,NBA,Southeast,ATL,WAS,TIE,2,2,0,4
2015,NBA,Southeast,CHA,MIA,TIE,2,2,0,4
2015,NBA,Southeast,CHA,ORL,CHA,3,1,0,4
2015,NBA,Southeast,CHA,WAS,TIE,2,2,0,4
2015,NBA,Southeast,MIA,ORL,MIA,3,1,0,4
2015,NBA,Southeast,MIA,WAS,TIE,2,2,0,4
2015,NBA,Southeast,ORL,WAS,WAS,0,4,0,4
2015,NBA,Southwest,DAL,HOU,TIE,2,2,0,4
2015,NBA,Southwest,DAL,MEM,DAL,3,1,0,4
2015,NBA,Southwest,DAL,NOP,TIE,2,2,0,4
2015,NBA,Southwest,DAL,SAS,SAS,0,4,0,4
2015,NBA,Southwest,HOU,MEM,TIE,2,2,0,4
2015,NBA,Southwest,HOU,NOP,HOU,3,1,0,4
2015,NBA,Southwest,HOU,SAS,SAS,1,3,0,4
2015,NBA,Southwest,MEM,NOP,MEM,4,0,0,4
2015,NBA,Southwest,MEM,SAS,SAS,0,4,0,4
2015,NBA,Southwest,NOP,SAS,SAS,1,3,0,4
2016,NBA,Atlantic,BKN,BOS,BOS,0,4,0,4
2016,NBA,Atlantic,BKN,NYK,TIE,2,2,0,4
2016,NBA,Atlantic,BKN,PHI,PHI,1,3,0,4
2016,NBA,Atlantic,BKN,TOR,TOR,0,4,0,4
2016,NBA,Atlantic,BOS,NYK,BOS,3,1,0,4
2016,NBA,Atlantic,BOS,PHI,BOS,3,1,0,4
2016,NBA,Atlantic,BOS,TOR,TOR,1,3,0,4
2016,NBA,Atlantic,NYK,PHI,TIE,2,2,0,4
2016,NBA,Atlantic,NYK,TOR,TOR,0,4,0,4
2016,NBA,Atlantic,PHI,TOR,TOR,1,3,0,4
2016,NBA,Central,CHI,CLE,CHI,4,0,0,4
2016,NBA,Central,CHI,DET,TIE,2,2,0,4
2016,NBA,Central,CHI,IND,TIE,2,2,0,4
2016,NBA,Central,CHI,MIL,MIL,1,3,0,4
2016,NBA,Central,CLE,DET,TIE,2,2,0,4
2016,NBA,Central,CLE,IND,CLE,3,1,0,4
2016,NBA,Central,CLE,MIL,CLE,3,1,0,4
2016,NBA,Central,DET,IND,IND,0,4,0,4
2016,NBA,Central,DET,MIL,MIL,1,3,0,4
2016,NBA,Central,IND,MIL,MIL,1,3,0,4
2016,NBA,Northwest,DEN,MIN,TIE,2,2,0,4
2016,NBA,Northwest,DEN,OKC,OKC,1,3,0,4
2016,NBA,Northwest,DEN,POR,POR,1,3,0,4
2016,NBA,Northwest,DEN,UTA,TIE,2,2,0,4
2016,NBA,Northwest,MIN,OKC,OKC,1,3,0,4
2016,NBA,Northwest,MIN,POR,POR,1,3,0,4
2016,NBA,Northwest,MIN,UTA,UTA,1,3,0,4
2016,NBA,Northwest,OKC,POR,POR,1,3,0,4
2016,NBA,Northwest,OKC,UTA,OKC,3,1,0,4
2016,NBA,Northwest,POR,UTA,TIE,2,2,0,4
2016,NBA,Pacific,GSW,LAC,GSW,4,0,0,4
2016,NBA,Pacific,GSW,LAL,GSW,3,1,0,4
2016,NBA,Pacific,GSW,PHX,GSW,4,0,0,4
2016,NBA,Pacific,GSW,SAC,GSW,3,1,0,4
2016,NBA,Pacific,LAC,LAL,LAC,3,1,0,4
2016,NBA,Pacific,LAC,PHX,LAC,4,0,0,4
2016,NBA,Pacific,LAC,SAC,LAC,3,1,0,4
2016,NBA,Pacific,LAL,PHX,TIE,2,2,0,4
2016,NBA,Pacific,LAL,SAC,TIE,2,2,0,4
2016,NBA,Pacific,PHX,SAC,SAC,1,3,0,4
2016,NBA,Southeast,ATL,CHA,CHA,1,3,0,4
2016,NBA,Southeast,ATL,MIA,TIE,2,2,0,4
2016,NBA,Southeast,ATL,ORL,TIE,2,2,0,4
2016,NBA,Southeast,ATL,WAS,WAS,1,3,0,4
2016,NBA,Southeast,CHA,MIA,TIE,2,2,0,4
2016,NBA,Southeast,CHA,ORL,CHA,4,0,0,4
2016,NBA,Southeast,CHA,WAS,WAS,1,3,0,4
2016,NBA,Southeast,MIA,ORL,ORL,1,3,0,4
2016,NBA,Southeast,MIA,WAS,MIA,4,0,0,4
2016,NBA,Southeast,ORL,WAS,TIE,2,2,0,4
2016,NBA,Southwest,DAL,HOU,HOU,0,4,0,4
2016,NBA,Southwest,DAL,MEM,TIE,2,2,0,4
2016,NBA,Southwest,DAL,NOP,TIE,2,2,0,4
2016,NBA,Southwest,DAL,SAS,SAS,1,3,0,4
2016,NBA,Southwest,HOU,MEM,TIE,2,2,0,4
2016,NBA,Southwest,HOU,NOP,HOU,3,1,0,4
2016,NBA,Southwest,HOU,SAS,SAS,1,3,0,4
2016,NBA,Southwest,MEM,NOP,TIE,2,2,0,4
2016,NBA,Southwest,MEM,SAS,TIE,2,2,0,4
2016,NBA,Southwest,NOP,SAS,SAS,1,3,0,4
2017,NBA,Atlantic,BKN,BOS,BOS,0,4,0,4
2017,NBA,Atlantic,BKN,NYK,NYK,0,4,0,4
2017,NBA,Atlantic,BKN,PHI,PHI,1,3,0,4
2017,NBA,Atlantic,BKN,TOR,TOR,0,4,0,4
2017,NBA,Atlantic,BOS,NYK,BOS,3,1,0,4
2017,NBA,Atlantic,BOS,PHI,BOS,3,1,0,4
2017,NBA,Atlantic,BOS,TOR,TIE,2,2,0,4
2017,NBA,Atlantic,NYK,PHI,PHI,0,4,0,4
2017,NBA,Atlantic,NYK,TOR,TOR,1,3,0,4
2017,NBA,Atlantic,PHI,TOR,TOR,1,3,0,4
2017,NBA,Central,CHI,CLE,CLE,0,4,0,4
2017,NBA,Central,CHI,DET,DET,1,3,0,4
2017,NBA,Central,CHI,IND,IND,1,3,0,4
2017,NBA,Central,CHI,MIL,TIE,2,2,0,4
2017,NBA,Central,CLE,DET,CLE,3,1,0,4
2017,NBA,Central,CLE,IND,IND,1,3,0,4
2017,NBA,Central,CLE,MIL,CLE,3,1,0,4
2017,NBA,Central,DET,IND,DET,3,1,0,4
2017,NBA,Central,DET,MIL,TIE,2,2,0,4
2017,NBA,Central,IND,MIL,IND,3,1,0,4
2017,NBA,Northwest,DEN,MIN,MIN,1,3,0,4
2017,NBA,Northwest,DEN,OKC,DEN,3,1,0,4
2017,NBA,Northwest,DEN,POR,DEN,3,1,0,4
2017,NBA,Northwest,DEN,UTA,TIE,2,2,0,4
2017,NBA,Northwest,MIN,OKC,MIN,3,1,0,4
2017,NBA,Northwest,MIN,POR,TIE,2,2,0,4
2017,NBA,Northwest,MIN,UTA,TIE,2,2,0,4
2017,NBA,Northwest,OKC,POR,POR,0,4,0,4
2017,NBA,Northwest,OKC,UTA,OKC,3,1,0,4
2017,NBA,Northwest,POR,UTA,TIE,2,2,0,4
2017,NBA,Pacific,GSW,LAC,GSW,3,1,0,4
2017,NBA,Pacific,GSW,LAL,GSW,4,0,0,4
2017,NBA,Pacific,GSW,PHX,GSW,4,0,0,4
2017,NBA,Pacific,GSW,SAC,TIE,2,2,0,4
2017,NBA,Pacific,LAC,LAL,LAC,3,1,0,4
2017,NBA,Pacific,LAC,PHX,LAC,4,0,0,4
2017,NBA,Pacific,LAC,SAC,LAC,4,0,0,4
2017,NBA,Pacific,LAL,PHX,LAL,3,1,0,4
2017,NBA,Pacific,LAL,SAC,TIE,2,2,0,4
2017,NBA,Pacific,PHX,SAC,PHX,3,1,0,4
2017,NBA,Southeast,ATL,CHA,CHA,0,4,0,4
2017,NBA,Southeast,ATL,MIA,MIA,1,3,0,4
2017,NBA,Southeast,ATL,ORL,TIE,2,2,0,4
2017,NBA,Southeast,ATL,WAS,TIE,2,2,0,4
2017,NBA,Southeast,CHA,MIA,MIA,0,4,0,4
2017,NBA,Southeast,CHA,ORL,CHA,4,0,0,4
2017,NBA,Southeast,CHA,WAS,CHA,3,1,0,4
2017,NBA,Southeast,MIA,ORL,TIE,2,2,0,4
2017,NBA,Southeast,MIA,WAS,TIE,2,2,0,4
2017,NBA,Southeast,ORL,WAS,WAS,1,3,0,4
2017,NBA,Southwest,DAL,HOU,HOU,0,4,0,4
2017,NBA,Southwest,DAL,MEM,DAL,3,1,0,4
2017,NBA,Southwest,DAL,NOP,NOP,1,3,0,4
2017,NBA,Southwest,DAL,SAS,SAS,1,3,0,4
2017,NBA,Southwest,HOU,MEM,TIE,2,2,0,4
2017,NBA,Southwest,HOU,NOP,HOU,3,1,0,4
2017,NBA,Southwest,HOU,SAS,HOU,3,1,0,4
2017,NBA,Southwest,MEM,NOP,TIE,2,2,0,4
2017,NBA,Southwest,MEM,SAS,SAS,0,4,0,4
2017,NBA,Southwest,NOP,SAS,NOP,3,1,0,4
2018,NBA,Atlantic,BKN,BOS,TIE,2,2,0,4
2018,NBA,Atlantic,BKN,NYK,BKN,3,1,0,4
2018,NBA,Atlantic,BKN,PHI,TIE,2,2,0,4
2018,NBA,Atlantic,BKN,TOR,TOR,1,3,0,4
2018,NBA,Atlantic,BOS,NYK,BOS,3,1,0,4
2018,NBA,Atlantic,BOS,PHI,BOS,2,1,0,3
2018,NBA,Atlantic,BOS,TOR,TIE,2,2,0,4
2018,NBA,Atlantic,NYK,PHI,PHI,0,4,0,4
2018,NBA,Atlantic,NYK,TOR,TOR,0,4,0,4
2018,NBA,Atlantic,PHI,TOR,TOR,1,3,0,4
2018,NBA,Central,CHI,CLE,CHI,3,1,0,4
2018,NBA,Central,CHI,DET,DET,0,4,0,4
2018,NBA,Central,CHI,IND,IND,0,4,0,4
2018,NBA,Central,CHI,MIL,MIL,0,4,0,4
2018,NBA,Central,CLE,DET,DET,1,3,0,4
2018,NBA,Central,CLE,IND,IND,1,3,0,4
2018,NBA,Central,CLE,MIL,MIL,1,3,0,4
2018,NBA,Central,DET,IND,IND,1,3,0,4
2018,NBA,Central,DET,MIL,MIL,0,4,0,4
2018,NBA,Central,IND,MIL,MIL,1,3,0,4
2018,NBA,Northwest,DEN,MIN,DEN,4,0,0,4
2018,NBA,Northwest,DEN,OKC,DEN,4,0,0,4
2018,NBA,Northwest,DEN,POR,DEN,3,1,0,4
2018,NBA,Northwest,DEN,UTA,UTA,1,3,0,4
2018,NBA,Northwest,MIN,OKC,MIN,3,1,0,4
2018,NBA,Northwest,MIN,POR,POR,1,3,0,4
2018,NBA,Northwest,MIN,UTA,UTA,1,3,0,4
2018,NBA,Northwest,OKC,POR,OKC,4,0,0,4
2018,NBA,Northwest,OKC,UTA,OKC,4,0,0,4
2018,NBA,Northwest,POR,UTA,TIE,2,2,0,4
2018,NBA,Pacific,GSW,LAC,GSW,3,1,0,4
2018,NBA,Pacific,GSW,LAL,GSW,3,1,0,4
2018,NBA,Pacific,GSW,PHX,GSW,3,1,0,4
2018,NBA,Pacific,GSW,SAC,GSW,4,0,0,4
2018,NBA,Pacific,LAC,LAL,TIE,2,2,0,4
2018,NBA,Pacific,LAC,PHX,LAC,4,0,0,4
2018,NBA,Pacific,LAC,SAC,LAC,4,0,0,4
2018,NBA,Pacific,LAL,PHX,LAL,3,1,0,4
2018,NBA,Pacific,LAL,SAC,LAL,3,1,0,4
2018,NBA,Pacific,PHX,SAC,SAC,1,3,0,4
2018,NBA,Southeast,ATL,CHA,CHA,1,3,0,4
2018,NBA,Southeast,ATL,MIA,ATL,3,1,0,4
2018,NBA,Southeast,ATL,ORL,ORL,0,4,0,4
2018,NBA,Southeast,ATL,WAS,TIE,2,2,0,4
2018,NBA,Southeast,CHA,MIA,TIE,2,2,0,4
2018,NBA,Southeast,CHA,ORL,TIE,2,2,0,4
2018,NBA,Southeast,CHA,WAS,CHA,3,1,0,4
2018,NBA,Southeast,MIA,ORL,ORL,1,3,0,4
2018,NBA,Southeast,MIA,WAS,MIA,3,1,0,4
2018,NBA,Southeast,ORL,WAS,WAS,1,3,0,4
2018,NBA,Southwest,DAL,HOU,TIE,2,2,0,4
2018,NBA,Southwest,DAL,MEM,MEM,1,3,0,4
2018,NBA,Southwest,DAL,NOP,NOP,1,3,0,4
2018,NBA,Southwest,DAL,SAS,SAS,0,4,0,4
2018,NBA,Southwest,HOU,MEM,HOU,3,1,0,4
2018,NBA,Southwest,HOU,NOP,TIE,2,2,0,4
2018,NBA,Southwest,HOU,SAS,HOU,3,1,0,4
2018,NBA,Southwest,MEM,NOP,TIE,2,2,0,4
2018,NBA,Southwest,MEM,SAS,TIE,2,2,0,4
2018,NBA,Southwest,NOP,SAS,SAS,1,3,0,4
2019,NBA,Atlantic,BKN,BOS,TIE,2,2,0,4
2019,NBA,Atlantic,BKN,NYK,TIE,2,2,0,4
2019,NBA,Atlantic,BKN,PHI,PHI,1,3,0,4
2019,NBA,Atlantic,BKN,TOR,TOR,1,3,0,4
2019,NBA,Atlantic,BOS,NYK,BOS,3,0,0,3
2019,NBA,Atlantic,BOS,PHI,PHI,1,3,0,4
2019,NBA,Atlantic,BOS,TOR,BOS,3,1,0,4
2019,NBA,Atlantic,NYK,PHI,PHI,0,4,0,4
2019,NBA,Atlantic,NYK,TOR,TOR,0,2,0,2
2019,NBA,Atlantic,PHI,TOR,TOR,1,3,0,4
2019,NBA,Central,CHI,CLE,CHI,3,1,0,4
2019,NBA,Central,CHI,DET,CHI,4,0,0,4
2019,NBA,Central,CHI,IND,IND,0,4,0,4
2019,NBA,Central,CHI,MIL,MIL,0,4,0,4
2019,NBA,Central,CLE,DET,TIE,2,2,0,4
2019,NBA,Central,CLE,IND,IND,1,2,0,3
2019,NBA,Central,CLE,MIL,MIL,0,3,0,3
2019,NBA,Central,DET,IND,DET,3,1,0,4
2019,NBA,Central,DET,MIL,MIL,0,3,0,3
2019,NBA,Central,IND,MIL,MIL,1,3,0,4
2019,NBA,Northwest,DEN,MIN,DEN,4,0,0,4
2019,NBA,Northwest,DEN,OKC,DEN,2,1,0,3
2019,NBA,Northwest,DEN,POR,DEN,3,1,0,4
2019,NBA,Northwest,DEN,UTA,DEN,3,0,0,3
2019,NBA,Northwest,MIN,OKC,OKC,0,3,0,3
2019,NBA,Northwest,MIN,POR,TIE,1,1,0,2
2019,NBA,Northwest,MIN,UTA,UTA,1,2,0,3
2019,NBA,Northwest,OKC,POR,TIE,2,2,0,4
2019,NBA,Northwest,OKC,UTA,OKC,2,1,0,3
2019,NBA,Northwest,POR,UTA,UTA,1,2,0,3
2019,NBA,Pacific,GSW,LAC,LAC,0,3,0,3
2019,NBA,Pacific,GSW,LAL,LAL,0,3,0,3
2019,NBA,Pacific,GSW,PHX,TIE,2,2,0,4
2019,NBA,Pacific,GSW,SAC,SAC,0,3,0,3
2019,NBA,Pacific,LAC,LAL,TIE,2,2,0,4
2019,NBA,Pacific,LAC,PHX,TIE,2,2,0,4
2019,NBA,Pacific,LAC,SAC,SAC,1,2,0,3
2019,NBA,Pacific,LAL,PHX,LAL,3,0,0,3
2019,NBA,Pacific,LAL,SAC,LAL,2,1,0,3
2019,NBA,Pacific,PHX,SAC,TIE,2,2,0,4
2019,NBA,Southeast,ATL,CHA,ATL,2,0,0,2
2019,NBA,Southeast,ATL,MIA,MIA,1,3,0,4
2019,NBA,Southeast,ATL,ORL,TIE,2,2,0,4
2019,NBA,Southeast,ATL,WAS,WAS,1,2,0,3
2019,NBA,Southeast,CHA,MIA,TIE,1,1,0,2
2019,NBA,Southeast,CHA,ORL,ORL,0,2,0,2
2019,NBA,Southeast,CHA,WAS,WAS,1,2,0,3
2019,NBA,Southeast,MIA,ORL,MIA,3,1,0,4
2019,NBA,Southeast,MIA,WAS,MIA,3,1,0,4
2019,NBA,Southeast,ORL,WAS,ORL,4,0,0,4
2019,NBA,Southwest,DAL,HOU,HOU,1,2,0,3
2019,NBA,Southwest,DAL,MEM,DAL,2,1,0,3
2019,NBA,Southwest,DAL,NOP,DAL,4,0,0,4
2019,NBA,Southwest,DAL,SAS,DAL,3,1,0,4
2019,NBA,Southwest,HOU,MEM,HOU,2,1,0,3
2019,NBA,Southwest,HOU,NOP,HOU,3,1,0,4
2019,NBA,Southwest,HOU,SAS,SAS,1,2,0,3
2019,NBA,Southwest,MEM,NOP,NOP,0,3,0,3
2019,NBA,Southwest,MEM,SAS,TIE,2,2,0,4
2019,NBA,Southwest,NOP,SAS,SAS,0,2,0,2
2020,NBA,Atlantic,BKN,BOS,BKN,3,0,0,3
2020,NBA,Atlantic,BKN,NYK,BKN,3,0,0,3
2020,NBA,Atlantic,BKN,PHI,PHI,1,2,0,3
2020,NBA,Atlantic,BKN,TOR,TOR,1,2,0,3
2020,NBA,Atlantic,BOS,NYK,NYK,1,2,0,3
2020,NBA,Atlantic,BOS,PHI,PHI,0,3,0,3
2020,NBA,Atlantic,BOS,TOR,BOS,3,0,0,3
2020,NBA,Atlantic,NYK,PHI,PHI,0,3,0,3
2020,NBA,Atlantic,NYK,TOR,NYK,2,1,0,3
2020,NBA,Atlantic,PHI,TOR,PHI,2,1,0,3
2020,NBA,Central,CHI,CLE,CLE,1,2,0,3
2020,NBA,Central,CHI,DET,CHI,3,0,0,3
2020,NBA,Central,CHI,IND,CHI,2,1,0,3
2020,NBA,Central,CHI,MIL,MIL,1,2,0,3
2020,NBA,Central,CLE,DET,CLE,2,1,0,3
2020,NBA,Central,CLE,IND,IND,0,3,0,3
2020,NBA,Central,CLE,MIL,MIL,0,3,0,3
2020,NBA,Central,DET,IND,IND,0,3,0,3
2020,NBA,Central,DET,MIL,MIL,0,3,0,3
2020,NBA,Central,IND,MIL,MIL,0,3,0,3
2020,NBA,Northwest,DEN,MIN,DEN,3,0,0,3
2020,NBA,Northwest,DEN,OKC,DEN,3,0,0,3
2020,NBA,Northwest,DEN,POR,DEN,2,1,0,3
2020,NBA,Northwest,DEN,UTA,UTA,1,2,0,3
2020,NBA,Northwest,MIN,OKC,OKC,1,2,0,3
2020,NBA,Northwest,MIN,POR,POR,1,2,0,3
2020,NBA,Northwest,MIN,UTA,MIN,3,0,0,3
2020,NBA,Northwest,OKC,POR,POR,1,2,0,3
2020,NBA,Northwest,OKC,UTA,UTA,0,3,0,3
2020,NBA,Northwest,POR,UTA,UTA,1,2,0,3
2020,NBA,Pacific,GSW,LAC,LAC,1,2,0,3
2020,NBA,Pacific,GSW,LAL,LAL,1,2,0,3
2020,NBA,Pacific,GSW,PHX,PHX,1,2,0,3
2020,NBA,Pacific,GSW,SAC,GSW,2,1,0,3
2020,NBA,Pacific,LAC,LAL,LAC,3,0,0,3
2020,NBA,Pacific,LAC,PHX,LAC,2,1,0,3
2020,NBA,Pacific,LAC,SAC,LAC,2,1,0,3
2020,NBA,Pacific,LAL,PHX,PHX,1,2,0,3
2020,NBA,Pacific,LAL,SAC,SAC,1,2,0,3
2020,NBA,Pacific,PHX,SAC,PHX,2,1,0,3
2020,NBA,Southeast,ATL,CHA,CHA,1,2,0,3
2020,NBA,Southeast,ATL,MIA,ATL,2,1,0,3
2020,NBA,Southeast,ATL,ORL,ATL,3,0,0,3
2020,NBA,Southeast,ATL,WAS,ATL,3,0,0,3
2020,NBA,Southeast,CHA,MIA,CHA,2,1,0,3
2020,NBA,Southeast,CHA,ORL,CHA,2,1,0,3
2020,NBA,Southeast,CHA,WAS,CHA,2,1,0,3
2020,NBA,Southeast,MIA,ORL,MIA,2,1,0,3
2020,NBA,Southeast,MIA,WAS,MIA,2,1,0,3
2020,NBA,Southeast,ORL,WAS,ORL,2,1,0,3
2020,NBA,Southwest,DAL,HOU,HOU,1,2,0,3
2020,NBA,Southwest,DAL,MEM,DAL,2,1,0,3
2020,NBA,Southwest,DAL,NOP,DAL,2,1,0,3
2020,NBA,Southwest,DAL,SAS,DAL,2,1,0,3
2020,NBA,Southwest,HOU,MEM,MEM,1,2,0,3
2020,NBA,Southwest,HOU,NOP,NOP,1,2,0,3
2020,NBA,Southwest,HOU,SAS,SAS,1,2,0,3
2020,NBA,Southwest,MEM,NOP,NOP,1,2,0,3
2020,NBA,Southwest,MEM,SAS,MEM,2,1,0,3
2020,NBA,Southwest,NOP,SAS,SAS,1,2,0,3
2021,NBA,Atlantic,BKN,BOS,BOS,1,3,0,4
2021,NBA,Atlantic,BKN,NYK,BKN,4,0,0,4
2021,NBA,Atlantic,BKN,PHI,BKN,3,1,0,4
2021,NBA,Atlantic,BKN,TOR,TIE,2,2,0,4
2021,NBA,Atlantic,BOS,NYK,TIE,2,2,0,4
2021,NBA,Atlantic,BOS,PHI,TIE,2,2,0,4
2021,NBA,Atlantic,BOS,TOR,TIE,2,2,0,4
2021,NBA,Atlantic,NYK,PHI,TIE,2,2,0,4
2021,NBA,Atlantic,NYK,TOR,TOR,1,3,0,4
2021,NBA,Atlantic,PHI,TOR,TOR,1,3,0,4
2021,NBA,Central,CHI,CLE,CHI,3,1,0,4
2021,NBA,Central,CHI,DET,CHI,4,0,0,4
2021,NBA,Central,CHI,IND,CHI,3,1,0,4
2021,NBA,Central,CHI,MIL,MIL,0,4,0,4
2021,NBA,Central,CLE,DET,TIE,2,2,0,4
2021,NBA,Central,CLE,IND,CLE,4,0,0,4
2021,NBA,Central,CLE,MIL,CLE,3,1,0,4
2021,NBA,Central,DET,IND,DET,3,1,0,4
2021,NBA,Central,DET,MIL,MIL,1,3,0,4
2021,NBA,Central,IND,MIL,MIL,0,4,0,4
2021,NBA,Northwest,DEN,MIN,MIN,1,3,0,4
2021,NBA,Northwest,DEN,OKC,TIE,2,2,0,4
2021,NBA,Northwest,DEN,POR,DEN,3,1,0,4
2021,NBA,Northwest,DEN,UTA,UTA,0,4,0,4
2021,NBA,Northwest,MIN,OKC,MIN,4,0,0,4
2021,NBA,Northwest,MIN,POR,MIN,4,0,0,4
2021,NBA,Northwest,MIN,UTA,UTA,1,3,0,4
2021,NBA,Northwest,OKC,POR,OKC,4,0,0,4
2021,NBA,Northwest,OKC,UTA,UTA,0,4,0,4
2021,NBA,Northwest,POR,UTA,UTA,0,4,0,4
2021,NBA,Pacific,GSW,LAC,GSW,3,1,0,4
2021,NBA,Pacific,GSW,LAL,GSW,3,1,0,4
2021,NBA,Pacific,GSW,PHX,TIE,2,2,0,4
2021,NBA,Pacific,GSW,SAC,GSW,4,0,0,4
2021,NBA,Pacific,LAC,LAL,LAC,4,0,0,4
2021,NBA,Pacific,LAC,PHX,TIE,2,2,0,4
2021,NBA,Pacific,LAC,SAC,TIE,2,2,0,4
2021,NBA,Pacific,LAL,PHX,PHX,0,4,0,4
2021,NBA,Pacific,LAL,SAC,TIE,2,2,0,4
2021,NBA,Pacific,PHX,SAC,TIE,2,2,0,4
2021,NBA,Southeast,ATL,CHA,TIE,2,2,0,4
2021,NBA,Southeast,ATL,MIA,MIA,1,3,0,4
2021,NBA,Southeast,ATL,ORL,ATL,3,1,0,4
2021,NBA,Southeast,ATL,WAS,ATL,3,1,0,4
2021,NBA,Southeast,CHA,MIA,MIA,0,4,0,4
2021,NBA,Southeast,CHA,ORL,CHA,3,1,0,4
2021,NBA,Southeast,CHA,WAS,CHA,3,1,0,4
2021,NBA,Southeast,MIA,ORL,MIA,3,1,0,4
2021,NBA,Southeast,MIA,WAS,MIA,3,1,0,4
2021,NBA,Southeast,ORL,WAS,WAS,0,4,0,4
2021,NBA,Southwest,DAL,HOU,DAL,4,0,0,4
2021,NBA,Southwest,DAL,MEM,DAL,3,1,0,4
2021,NBA,Southwest,DAL,NOP,DAL,3,1,0,4
2021,NBA,Southwest,DAL,SAS,DAL,4,0,0,4
2021,NBA,Southwest,HOU,MEM,MEM,1,3,0,4
2021,NBA,Southwest,HOU,NOP,NOP,1,3,0,4
2021,NBA,Southwest,HOU,SAS,SAS,1,3,0,4
2021,NBA,Southwest,MEM,NOP,MEM,3,1,0,4
2021,NBA,Southwest,MEM,SAS,MEM,4,0,0,4
2021,NBA,Southwest,NOP,SAS,SAS,1,3,0,4
2022,NBA,Atlantic,BKN,BOS,BOS,1,3,0,4
2022,NBA,Atlantic,BKN,NYK,TIE,2,2,0,4
2022,NBA,Atlantic,BKN,PHI,PHI,0,4,0,4
2022,NBA,Atlantic,BKN,TOR,BKN,4,0,0,4
2022,NBA,Atlantic,BOS,NYK,NYK,1,3,0,4
2022,NBA,Atlantic,BOS,PHI,BOS,3,1,0,4
2022,NBA,Atlantic,BOS,TOR,BOS,4,0,0,4
2022,NBA,Atlantic,NYK,PHI,TIE,2,2,0,4
2022,NBA,Atlantic,NYK,TOR,TOR,1,3,0,4
2022,NBA,Atlantic,PHI,TOR,PHI,3,1,0,4
2022,NBA,Central,CHI,CLE,CLE,0,4,0,4
2022,NBA,Central,CHI,DET,CHI,4,0,0,4
2022,NBA,Central,CHI,IND,IND,1,3,0,4
2022,NBA,Central,CHI,MIL,TIE,2,2,0,4
2022,NBA,Central,CLE,DET,CLE,4,0,0,4
2022,NBA,Central,CLE,IND,CLE,3,1,0,4
2022,NBA,Central,CLE,MIL,TIE,2,2,0,4
2022,NBA,Central,DET,IND,TIE,2,2,0,4
2022,NBA,Central,DET,MIL,MIL,0,4,0,4
2022,NBA,Central,IND,MIL,MIL,1,3,0,4
2022,NBA,Northwest,DEN,MIN,TIE,2,2,0,4
2022,NBA,Northwest,DEN,OKC,DEN,3,1,0,4
2022,NBA,Northwest,DEN,POR,DEN,3,1,0,4
2022,NBA,Northwest,DEN,UTA,TIE,2,2,0,4
2022,NBA,Northwest,MIN,OKC,MIN,3,1,0,4
2022,NBA,Northwest,MIN,POR,POR,1,3,0,4
2022,NBA,Northwest,MIN,UTA,TIE,2,2,0,4
2022,NBA,Northwest,OKC,POR,OKC,4,0,0,4
2022,NBA,Northwest,OKC,UTA,OKC,3,1,0,4
2022,NBA,Northwest,POR,UTA,POR,3,1,0,4
2022,NBA,Pacific,GSW,LAC,TIE,2,2,0,4
2022,NBA,Pacific,GSW,LAL,LAL,1,3,0,4
2022,NBA,Pacific,GSW,PHX,PHX,1,3,0,4
2022,NBA,Pacific,GSW,SAC,GSW,3,1,0,4
2022,NBA,Pacific,LAC,LAL,LAC,4,0,0,4
2022,NBA,Pacific,LAC,PHX,TIE,2,2,0,4
2022,NBA,Pacific,LAC,SAC,SAC,1,3,0,4
2022,NBA,Pacific,LAL,PHX,TIE,2,2,0,4
2022,NBA,Pacific,LAL,SAC,SAC,1,3,0,4
2022,NBA,Pacific,PHX,SAC,TIE,2,2,0,4
2022,NBA,Southeast,ATL,CHA,CHA,1,3,0,4
2022,NBA,Southeast,ATL,MIA,MIA,1,3,0,4
2022,NBA,Southeast,ATL,ORL,ATL,3,1,0,4
2022,NBA,Southeast,ATL,WAS,ATL,3,1,0,4
2022,NBA,Southeast,CHA,MIA,TIE,2,2,0,4
2022,NBA,Southeast,CHA,ORL,ORL,1,3,0,4
2022,NBA,Southeast,CHA,WAS,WAS,1,3,0,4
2022,NBA,Southeast,MIA,ORL,MIA,3,1,0,4
2022,NBA,Southeast,MIA,WAS,TIE,2,2,0,4
2022,NBA,Southeast,ORL,WAS,TIE,2,2,0,4
2022,NBA,Southwest,DAL,HOU,DAL,3,1,0,4
2022,NBA,Southwest,DAL,MEM,MEM,1,3,0,4
2022,NBA,Southwest,DAL,NOP,TIE,2,2,0,4
2022,NBA,Southwest,DAL,SAS,DAL,3,1,0,4
2022,NBA,Southwest,HOU,MEM,MEM,0,4,0,4
2022,NBA,Southwest,HOU,NOP,NOP,1,3,0,4
2022,NBA,Southwest,HOU,SAS,TIE,2,2,0,4
2022,NBA,Southwest,MEM,NOP,TIE,2,2,0,4
2022,NBA,Southwest,MEM,SAS,MEM,4,0,0,4
2022,NBA,Southwest,NOP,SAS,NOP,4,0,0,4
2023,NBA,Atlantic,BKN,BOS,BOS,0,4,0,4
2023,NBA,Atlantic,BKN,NYK,NYK,0,4,0,4
2023,NBA,Atlantic,BKN,PHI,TIE,2,2,0,4
2023,NBA,Atlantic,BKN,TOR,BKN,3,1,0,4
2023,NBA,Atlantic,BOS,NYK,BOS,4,1,0,5
2023,NBA,Atlantic,BOS,PHI,BOS,3,1,0,4
2023,NBA,Atlantic,BOS,TOR,BOS,4,0,0,4
2023,NBA,Atlantic,NYK,PHI,NYK,3,1,0,4
2023,NBA,Atlantic,NYK,TOR,NYK,4,0,0,4
2023,NBA,Atlantic,PHI,TOR,PHI,4,0,0,4
2023,NBA,Central,CHI,CLE,CLE,1,3,0,4
2023,NBA,Central,CHI,DET,TIE,2,2,0,4
2023,NBA,Central,CHI,IND,CHI,3,1,0,4
2023,NBA,Central,CHI,MIL,MIL,1,3,0,4
2023,NBA,Central,CLE,DET,CLE,4,0,0,4
2023,NBA,Central,CLE,IND,TIE,2,2,0,4
2023,NBA,Central,CLE,MIL,TIE,2,2,0,4
2023,NBA,Central,DET,IND,IND,0,4,0,4
2023,NBA,Central,DET,MIL,MIL,0,4,0,4
2023,NBA,Central,IND,MIL,IND,4,1,0,5
2023,NBA,Northwest,DEN,MIN,TIE,2,2,0,4
2023,NBA,Northwest,DEN,OKC,OKC,1,3,0,4
2023,NBA,Northwest,DEN,POR,DEN,4,0,0,4
2023,NBA,Northwest,DEN,UTA,DEN,3,1,0,4
2023,NBA,Northwest,MIN,OKC,TIE,2,2,0,4
2023,NBA,Northwest,MIN,POR,MIN,4,0,0,4
2023,NBA,Northwest,MIN,UTA,MIN,4,0,0,4
2023,NBA,Northwest,OKC,POR,OKC,4,0,0,4
2023,NBA,Northwest,OKC,UTA,OKC,3,1,0,4
2023,NBA,Northwest,POR,UTA,UTA,1,3,0,4
2023,NBA,Pacific,GSW,LAC,LAC,1,3,0,4
2023,NBA,Pacific,GSW,LAL,GSW,3,1,0,4
2023,NBA,Pacific,GSW,PHX,PHX,1,3,0,4
2023,NBA,Pacific,GSW,SAC,TIE,2,2,0,4
2023,NBA,Pacific,LAC,LAL,LAL,1,3,0,4
2023,NBA,Pacific,LAC,PHX,LAC,3,1,0,4
2023,NBA,Pacific,LAC,SAC,TIE,2,2,0,4
2023,NBA,Pacific,LAL,PHX,LAL,3,2,0,5
2023,NBA,Pacific,LAL,SAC,SAC,0,4,0,4
2023,NBA,Pacific,PHX,SAC,PHX,3,2,0,5
2023,NBA,Southeast,ATL,CHA,CHA,1,3,0,4
2023,NBA,Southeast,ATL,MIA,MIA,1,3,0,4
2023,NBA,Southeast,ATL,ORL,ATL,3,1,0,4
2023,NBA,Southeast,ATL,WAS,ATL,3,1,0,4
2023,NBA,Southeast,CHA,MIA,MIA,0,4,0,4
2023,NBA,Southeast,CHA,ORL,ORL,1,3,0,4
2023,NBA,Southeast,CHA,WAS,TIE,2,2,0,4
2023,NBA,Southeast,MIA,ORL,MIA,3,1,0,4
2023,NBA,Southeast,MIA,WAS,MIA,3,1,0,4
2023,NBA,Southeast,ORL,WAS,ORL,4,0,0,4
2023,NBA,Southwest,DAL,HOU,DAL,3,1,0,4
2023,NBA,Southwest,DAL,MEM,TIE,2,2,0,4
2023,NBA,Southwest,DAL,NOP,TIE,2,2,0,4
2023,NBA,Southwest,DAL,SAS,DAL,4,0,0,4
2023,NBA,Southwest,HOU,MEM,HOU,3,1,0,4
2023,NBA,Southwest,HOU,NOP,TIE,2,2,0,4
2023,NBA,Southwest,HOU,SAS,HOU,3,1,0,4
2023,NBA,Southwest,MEM,NOP,TIE,2,2,0,4
2023,NBA,Southwest,MEM,SAS,MEM,3,1,0,4
2023,NBA,Southwest,NOP,SAS,NOP,3,1,0,4
2024,NBA,Atlantic,BKN,BOS,BOS,0,4,0,4
2024,NBA,Atlantic,BKN,NYK,NYK,0,4,0,4
2024,NBA,Atlantic,BKN,PHI,TIE,2,2,0,4
2024,NBA,Atlantic,BKN,TOR,TOR,1,3,0,4
2024,NBA,Atlantic,BOS,NYK,BOS,4,0,0,4
2024,NBA,Atlantic,BOS,PHI,BOS,3,1,0,4
2024,NBA,Atlantic,BOS,TOR,BOS,3,1,0,4
2024,NBA,Atlantic,NYK,PHI,NYK,4,0,0,4
2024,NBA,Atlantic,NYK,TOR,NYK,4,0,0,4
2024,NBA,Atlantic,PHI,TOR,TOR,0,4,0,4
2024,NBA,Central,CHI,CLE,CLE,0,4,0,4
2024,NBA,Central,CHI,DET,DET,1,3,0,4
2024,NBA,Central,CHI,IND,IND,1,3,0,4
2024,NBA,Central,CHI,MIL,TIE,2,2,0,4
2024,NBA,Central,CLE,DET,CLE,3,1,0,4
2024,NBA,Central,CLE,IND,IND,1,3,0,4
2024,NBA,Central,CLE,MIL,CLE,4,0,0,4
2024,NBA,Central,DET,IND,IND,1,3,0,4
2024,NBA,Central,DET,MIL,MIL,0,4,0,4
2024,NBA,Central,IND,MIL,MIL,1,3,0,4
2024,NBA,Northwest,DEN,MIN,MIN,0,4,0,4
2024,NBA,Northwest,DEN,OKC,TIE,2,2,0,4
2024,NBA,Northwest,DEN,POR,TIE,2,2,0,4
2024,NBA,Northwest,DEN,UTA,DEN,4,0,0,4
2024,NBA,Northwest,MIN,OKC,TIE,2,2,0,4
2024,NBA,Northwest,MIN,POR,TIE,2,2,0,4
2024,NBA,Northwest,MIN,UTA,MIN,3,1,0,4
2024,NBA,Northwest,OKC,POR,OKC,4,0,0,4
2024,NBA,Northwest,OKC,UTA,OKC,4,0,0,4
2024,NBA,Northwest,POR,UTA,TIE,2,2,0,4
2024,NBA,Pacific,GSW,LAC,LAC,0,4,0,4
2024,NBA,Pacific,GSW,LAL,LAL,1,3,0,4
2024,NBA,Pacific,GSW,PHX,TIE,2,2,0,4
2024,NBA,Pacific,GSW,SAC,TIE,2,2,0,4
2024,NBA,Pacific,LAC,LAL,LAL,1,3,0,4
2024,NBA,Pacific,LAC,PHX,PHX,0,4,0,4
2024,NBA,Pacific,LAC,SAC,LAC,4,0,0,4
2024,NBA,Pacific,LAL,PHX,TIE,2,2,0,4
2024,NBA,Pacific,LAL,SAC,LAL,4,0,0,4
2024,NBA,Pacific,PHX,SAC,SAC,1,3,0,4
2024,NBA,Southeast,ATL,CHA,ATL,4,0,0,4
2024,NBA,Southeast,ATL,MIA,TIE,2,2,0,4
2024,NBA,Southeast,ATL,ORL,TIE,2,2,0,4
2024,NBA,Southeast,ATL,WAS,TIE,2,2,0,4
2024,NBA,Southeast,CHA,MIA,MIA,1,3,0,4
2024,NBA,Southeast,CHA,ORL,ORL,0,4,0,4
2024,NBA,Southeast,CHA,WAS,WAS,0,4,0,4
2024,NBA,Southeast,MIA,ORL,TIE,2,2,0,4
2024,NBA,Southeast,MIA,WAS,MIA,3,1,0,4
2024,NBA,Southeast,ORL,WAS,ORL,4,0,0,4
2024,NBA,Southwest,DAL,HOU,HOU,1,3,0,4
2024,NBA,Southwest,DAL,MEM,MEM,1,3,0,4
2024,NBA,Southwest,DAL,NOP,DAL,3,1,0,4
2024,NBA,Southwest,DAL,SAS,DAL,3,1,0,4
2024,NBA,Southwest,HOU,MEM,HOU,3,1,0,4
2024,NBA,Southwest,HOU,NOP,HOU,4,0,0,4
2024,NBA,Southwest,HOU,SAS,HOU,3,1,0,4
2024,NBA,Southwest,MEM,NOP,MEM,4,0,0,4
2024,NBA,Southwest,MEM,SAS,MEM,3,1,0,4
2024,NBA,Southwest,NOP,SAS,TIE,2,2,0,4
